date,symbol,net_profit_growth_ratio,his_peg,current_market_cap
2023/1/3,AAA.SZ,0.3697090438339107,2.0925026453083544,165984828985.47644
2023/1/4,AAA.SZ,0.35193689703962494,2.173502583267978,174899212914.57333
2023/1/5,AAA.SZ,0.35631777229794964,2.200400789057214,168463462213.03458
2023/1/6,AAA.SZ,0.3470458380378124,2.1434511928064026,163565154702.7437
2023/1/9,AAA.SZ,0.34020800935364215,2.0520078322725883,172385686343.71405
2023/1/10,AAA.SZ,0.3005422021924871,2.168222098943396,171567405681.5764
2023/1/11,AAA.SZ,0.3639471627268513,2.253750945059922,173450184678.42526
2023/1/12,AAA.SZ,0.3713542044745857,2.137982755432003,170560701603.6485
2023/1/13,AAA.SZ,0.32823396650330516,2.1410498771324655,171630027512.01822
2023/1/16,AAA.SZ,0.36448814862753803,2.1060437039591045,170909873237.818
2023/1/17,AAA.SZ,0.34147969414881824,2.173445049132014,164900189971.15536
2023/1/18,AAA.SZ,0.3469017888367905,2.1154989458547155,159131708816.97394
2023/1/19,AAA.SZ,0.3813660942720472,2.199762836639099,164789538103.68573
2023/1/20,AAA.SZ,0.33625274869819155,2.115417246603558,173012851276.96738
2023/1/23,AAA.SZ,0.3371327515122455,2.1649633505519676,165602059858.89053
2023/1/24,AAA.SZ,0.39397806137147395,2.1451031055360894,166840609186.5372
2023/1/25,AAA.SZ,0.35587098246080967,2.224691548269424,161764370611.06445
2023/1/26,AAA.SZ,0.3846085276232286,2.1668947710045954,164909667624.17337
2023/1/27,AAA.SZ,0.32859349801167037,2.2152252679665394,167691185127.1672
2023/1/30,AAA.SZ,0.33107955468393757,2.1507295291209343,170271384550.00226
2023/1/31,AAA.SZ,0.3440706071830658,2.136154233534438,165537422753.6477
2023/2/1,AAA.SZ,0.3535716614166001,2.1421441424224144,165239716527.34656
2023/2/2,AAA.SZ,0.3359997182416359,2.104815291274477,172200492676.92325
2023/2/3,AAA.SZ,0.37230884085441945,2.16927100409579,169651497403.931
2023/2/6,AAA.SZ,0.3744648404385718,2.1074413143360053,170329271285.96393
2023/2/7,AAA.SZ,0.3486524291248696,2.146824017331203,175830415378.66245
2023/2/8,AAA.SZ,0.35107762820436117,2.1831726841084085,165628846522.146
2023/2/9,AAA.SZ,0.3545399797728283,2.2187719623952034,167984729767.60153
2023/2/10,AAA.SZ,0.3457952972691178,2.146889791436224,171069743758.4722
2023/2/13,AAA.SZ,0.3119903734191175,2.18092988288614,163940829994.57318
2023/2/14,AAA.SZ,0.36900005882234005,2.1740572708753416,169554336076.8747
2023/2/15,AAA.SZ,0.36288198919925657,2.1169081350735612,168564390315.61633
2023/2/16,AAA.SZ,0.3657079654192348,2.240452168728705,182547093501.1972
2023/2/17,AAA.SZ,0.35280493633071713,2.1052559441160876,169067291265.05548
2023/2/20,AAA.SZ,0.39001079390268745,2.137595051956269,174469688497.74084
2023/2/21,AAA.SZ,0.42305795681072345,2.2046999436471704,172871963100.00418
2023/2/22,AAA.SZ,0.3586068878731262,2.202387037690471,162873026070.9174
2023/2/23,AAA.SZ,0.40400988537526916,2.1305220190511815,160939931408.18753
2023/2/24,AAA.SZ,0.3840649967552792,2.178190588395602,170088537199.3773
2023/2/27,AAA.SZ,0.3781448432733878,2.11630694294214,175263029120.69568
2023/2/28,AAA.SZ,0.3712465934365722,2.1018796639614283,170406697805.2657
2023/3/1,AAA.SZ,0.3771452262830031,2.0644546308932656,169402231000.7698
2023/3/2,AAA.SZ,0.4024695650523222,2.160041248001349,167616660221.0641
2023/3/3,AAA.SZ,0.35737175528287807,2.1640341366241187,162395540536.29172
2023/3/6,AAA.SZ,0.37527606686256154,2.0928775510953077,164292847801.52075
2023/3/7,AAA.SZ,0.40638600895927923,2.133349163430553,160986576478.9183
2023/3/8,AAA.SZ,0.4016968555252646,2.2511391578062057,163675929310.59204
2023/3/9,AAA.SZ,0.360173935149258,2.1745430678779845,166660473194.63617
2023/3/10,AAA.SZ,0.3795632307181539,2.0707278310802217,173331030858.8359
2023/3/13,AAA.SZ,0.39835075313689133,2.1644472976214217,167180227749.90552
2023/3/14,AAA.SZ,0.39762059643542513,2.0680675553667074,170797490631.43085
2023/3/15,AAA.SZ,0.4044018736909376,1.9666657243292018,170240528526.56165
2023/3/16,AAA.SZ,0.39311756803543135,2.108896796276723,172146972778.7132
2023/3/17,AAA.SZ,0.39698890959085015,2.186543245259062,164395634365.79822
2023/3/20,AAA.SZ,0.39330891753493674,2.1766965856877163,175110661602.5602
2023/3/21,AAA.SZ,0.41853576122750347,2.1241024531717785,162605755542.03284
2023/3/22,AAA.SZ,0.37897778211012395,2.0765464717419175,167546254388.4006
2023/3/23,AAA.SZ,0.3888353631256233,2.1263236677087494,169776266848.15393
2023/3/24,AAA.SZ,0.36801416367736317,2.0868876660876943,173813154767.903
2023/3/27,AAA.SZ,0.3644994153717152,2.0729838913704897,177027038494.2606
2023/3/28,AAA.SZ,0.39564945422872044,2.150064561712985,173965943185.40985
2023/3/29,AAA.SZ,0.37506107829656976,2.068937480143168,177328446465.0658
2023/3/30,AAA.SZ,0.3887694493210946,2.1498532276346176,165925199131.46204
2023/3/31,AAA.SZ,0.4226402458612206,2.0621118203617836,176291441611.2055
2023/4/3,AAA.SZ,0.42182972438217914,2.192853301157065,175471308756.94083
2023/4/4,AAA.SZ,0.4354410667062658,2.006082714484199,158078770912.35675
2023/4/5,AAA.SZ,0.42402579575408167,2.0384401363779032,169251148072.741
2023/4/6,AAA.SZ,0.43962894695499233,2.0766531047468866,173511250682.57022
2023/4/7,AAA.SZ,0.4005781724329101,1.983341198810834,167851904109.09525
2023/4/10,AAA.SZ,0.37404922310781635,1.952095298658453,164987684990.80264
2023/4/11,AAA.SZ,0.3723468060769856,1.9799550446335494,181418335677.25778
2023/4/12,AAA.SZ,0.42050917266429705,2.0621816942542837,171221610228.7871
2023/4/13,AAA.SZ,0.3938257933403213,2.0614915980840554,171416960601.73206
2023/4/14,AAA.SZ,0.3955093215514105,2.089498538986645,164057335550.61707
2023/4/17,AAA.SZ,0.3821813541805125,2.0610007908043015,167680126012.28986
2023/4/18,AAA.SZ,0.3847379763147544,2.0838101358047316,166270713236.85464
2023/4/19,AAA.SZ,0.40113785840019084,2.0442884043219967,176461063843.6291
2023/4/20,AAA.SZ,0.37248190867078845,2.1004867101358657,173571783531.7158
2023/4/21,AAA.SZ,0.3988352982676043,2.092390227231906,168110642023.22897
2023/4/24,AAA.SZ,0.4240026903901152,2.0442513341360398,173970247197.3902
2023/4/25,AAA.SZ,0.35117930291991806,2.0851305365771173,169846648182.26273
2023/4/26,AAA.SZ,0.36307906609361645,2.0468247605440704,172407725424.22552
2023/4/27,AAA.SZ,0.4074531185739703,1.9781012806361122,172438849985.32257
2023/4/28,AAA.SZ,0.4212382116931685,2.097286690494081,173473325203.5003
2023/5/1,AAA.SZ,0.3841612473358554,2.0045494400107255,172908952148.05838
2023/5/2,AAA.SZ,0.35397685011147867,2.092394267351187,173588782065.49365
2023/5/3,AAA.SZ,0.4225450252893289,2.061702022678358,177938794023.028
2023/5/4,AAA.SZ,0.37763244951904457,2.0390573166041057,174829833131.42123
2023/5/5,AAA.SZ,0.3865583864689901,1.9472019923854473,169854262673.0808
2023/5/8,AAA.SZ,0.4000761464860905,2.1157930031515186,171139150978.72748
2023/5/9,AAA.SZ,0.3802609234091721,2.018390281482274,178035118077.89075
2023/5/10,AAA.SZ,0.3759437815850834,2.0660009446218983,172332853996.32788
2023/5/11,AAA.SZ,0.3761696446193329,2.026287748669328,169880820468.91986
2023/5/12,AAA.SZ,0.43032602887687404,2.016115635967631,168609538941.4822
2023/5/15,AAA.SZ,0.41618413142138094,2.0370163623855086,173326863841.29166
2023/5/16,AAA.SZ,0.40428926338611726,2.0263811355941,167563290285.33752
2023/5/17,AAA.SZ,0.34886003216180567,2.0093677814198077,178659349629.309
2023/5/18,AAA.SZ,0.40392511222948063,2.017605308200566,166725972494.78973
2023/5/19,AAA.SZ,0.40260073415043546,2.039366968763291,179771726296.6784
2023/5/22,AAA.SZ,0.3662924873443547,2.0405368498582916,170720320907.75183
2023/5/23,AAA.SZ,0.39675083003167966,2.015435734274509,166684788965.9336
2023/5/24,AAA.SZ,0.41231111007998605,2.0419269071847657,173281683965.26974
2023/5/25,AAA.SZ,0.4023564713867698,1.9872793284025656,167430894115.2028
2023/5/26,AAA.SZ,0.37703702831936636,2.1173208523949034,172591643516.9923
2023/5/29,AAA.SZ,0.39056045932569716,2.0779410105935816,169480632648.43607
2023/5/30,AAA.SZ,0.4045406641063489,2.0393604886115453,177415335917.1295
2023/5/31,AAA.SZ,0.39074466202664315,1.9017281656875944,173286929824.73654
2023/6/1,AAA.SZ,0.41424728551329865,2.0266694739116757,166478681788.57797
2023/6/2,AAA.SZ,0.3966651951789426,1.977090847925724,169595923544.07626
2023/6/5,AAA.SZ,0.4033841486308345,1.9425360936619538,176397257242.57086
2023/6/6,AAA.SZ,0.40431214517498903,1.9709063845601296,179471265432.13
2023/6/7,AAA.SZ,0.3660933769134679,1.943154522518621,172619262658.5763
2023/6/8,AAA.SZ,0.38795427396949894,2.009415888897948,167491494492.69247
2023/6/9,AAA.SZ,0.3798197767566809,2.0623997036265944,178433399026.48895
2023/6/12,AAA.SZ,0.4068410622938201,2.0204208869231945,176655436063.6158
2023/6/13,AAA.SZ,0.3947112205517216,2.1147607267828565,179857977876.5724
2023/6/14,AAA.SZ,0.381150051744754,1.8964648219478044,174636464303.99026
2023/6/15,AAA.SZ,0.3587305267281422,1.946351039510571,170479402840.55432
2023/6/16,AAA.SZ,0.3518683478223756,1.9220055909686695,175925560502.36752
2023/6/19,AAA.SZ,0.38943823086258567,2.0281264791317497,174990751918.09314
2023/6/20,AAA.SZ,0.368298096708954,1.9531292882510707,170359627991.66843
2023/6/21,AAA.SZ,0.3953621675709716,1.9711292817388042,174437611737.79117
2023/6/22,AAA.SZ,0.34856065024359245,1.99083273105422,172444419588.39236
2023/6/23,AAA.SZ,0.41265304420665283,1.8839027050566761,177384747705.8522
2023/6/26,AAA.SZ,0.393428836768565,1.9230674972029016,176131256099.29092
2023/6/27,AAA.SZ,0.3814799888053498,2.0014905396845237,168146903016.91748
2023/6/28,AAA.SZ,0.4124896268855055,1.9217150367514884,167674821002.1566
2023/6/29,AAA.SZ,0.39711663336377767,1.8609297605422277,173266306301.0818
2023/6/30,AAA.SZ,0.3679559424171181,1.8989919235272974,173960537142.82
2023/7/3,AAA.SZ,0.37830341677965457,1.927285899992529,177813198246.46063
2023/7/4,AAA.SZ,0.3367506879550113,1.9474330332531926,176577371734.91522
2023/7/5,AAA.SZ,0.39659291669377705,1.933051909919882,181566843898.04532
2023/7/6,AAA.SZ,0.3686519238244743,1.9033815085068089,171570635590.6997
2023/7/7,AAA.SZ,0.3342774788798559,1.9785605478610262,171326753230.6354
2023/7/10,AAA.SZ,0.349425659255091,1.922647347216805,169105892536.60767
2023/7/11,AAA.SZ,0.3897108316256482,1.9370794152878845,178090417453.40192
2023/7/12,AAA.SZ,0.40378878246387273,1.8960743281434982,174343306216.30527
2023/7/13,AAA.SZ,0.371131629425007,1.997086137795093,164592994506.25946
2023/7/14,AAA.SZ,0.3502830157991565,1.8995791750383682,175397018794.99292
2023/7/17,AAA.SZ,0.3407007878276886,1.9204219771651703,175786191754.10318
2023/7/18,AAA.SZ,0.39659091428639437,1.965969296189712,173694262640.88336
2023/7/19,AAA.SZ,0.376462208193016,1.9257592021382415,176057754039.81708
2023/7/20,AAA.SZ,0.36003597343375604,1.9220555007979987,168169625582.7243
2023/7/21,AAA.SZ,0.3544312209360704,1.8081687154523427,183211221247.75482
2023/7/24,AAA.SZ,0.37838341571581136,1.9384406491447024,176662387209.96954
2023/7/25,AAA.SZ,0.37697593527564655,1.9047529714468208,165427538662.23044
2023/7/26,AAA.SZ,0.34529349895086575,1.9266243051052507,174748916885.9824
2023/7/27,AAA.SZ,0.33950654440256145,1.9062872096952312,176968126561.49496
2023/7/28,AAA.SZ,0.3396382406746921,1.866757648985154,169050666433.87177
2023/7/31,AAA.SZ,0.35122790721038283,1.9370286960517709,177745582996.65448
2023/8/1,AAA.SZ,0.3459069105283326,1.8998266981837968,183824784729.27042
2023/8/2,AAA.SZ,0.3911691120607178,1.8230676682202154,171670951731.08954
2023/8/3,AAA.SZ,0.34783105940468423,1.9505894457351594,177360691015.78546
2023/8/4,AAA.SZ,0.33200780969454574,1.8112765480052055,176261172307.0313
2023/8/7,AAA.SZ,0.33222104363147076,1.9254946409471327,180309933680.86276
2023/8/8,AAA.SZ,0.35149712318983306,1.95245350540184,174702724578.5446
2023/8/9,AAA.SZ,0.3178156679685988,1.8204623352531695,169719240558.57245
2023/8/10,AAA.SZ,0.35213368871932627,1.8673210269496103,180142490702.6455
2023/8/11,AAA.SZ,0.325686549089433,1.8603558966597358,170138693686.46686
2023/8/14,AAA.SZ,0.3746545934269153,1.8603114898721163,185018524837.59357
2023/8/15,AAA.SZ,0.35288261937432586,1.9580916106097201,178503450936.54547
2023/8/16,AAA.SZ,0.3920384993770389,1.8095766595094354,172450119307.63248
2023/8/17,AAA.SZ,0.34411866955258913,1.846730782761354,181502581060.65524
2023/8/18,AAA.SZ,0.2851107879865847,1.9349857676499598,175666785249.58432
2023/8/21,AAA.SZ,0.3759609334022315,1.841447036962395,174602752309.38474
2023/8/22,AAA.SZ,0.35590641045178717,1.8085950060840026,172233849125.9611
2023/8/23,AAA.SZ,0.3580660682150578,1.8663392648440862,165970252971.79773
2023/8/24,AAA.SZ,0.32393586020808457,1.8912904672898918,179125335870.60217
2023/8/25,AAA.SZ,0.3421901829397449,1.8292020144904124,167394301300.66846
2023/8/28,AAA.SZ,0.3458362969559589,1.8744141589789134,171855687859.2739
2023/8/29,AAA.SZ,0.33641125841257324,1.7757330526019177,178387107022.07233
2023/8/30,AAA.SZ,0.3055419938058479,1.7763972476299947,173509501368.34933
2023/8/31,AAA.SZ,0.3946659910324119,1.8183461414835973,177041183760.82922
2023/9/1,AAA.SZ,0.35507328629848134,1.8677705692807978,169847475958.76044
2023/9/4,AAA.SZ,0.3458349165993536,1.8742815563607098,174477259676.1855
2023/9/5,AAA.SZ,0.36276979506118817,1.7750608545841309,177240015171.1869
2023/9/6,AAA.SZ,0.3484474161129751,1.8683560539881394,171394457143.03473
2023/9/7,AAA.SZ,0.32109397428088526,1.838452413363123,185414106919.32944
2023/9/8,AAA.SZ,0.35871144518684217,1.7841778657134237,173164631077.37305
2023/9/11,AAA.SZ,0.34984149271976744,1.7594590311567089,183898258955.02164
2023/9/12,AAA.SZ,0.3190967881791659,1.8357095737387668,175761323416.9174
2023/9/13,AAA.SZ,0.34677240278058963,1.8867664699532316,168390880639.83395
2023/9/14,AAA.SZ,0.32525490867409246,1.8221545520200073,170731877493.53058
2023/9/15,AAA.SZ,0.3333349886651472,1.771743039020128,177749687678.2114
2023/9/18,AAA.SZ,0.3402627835044999,1.7232194444796192,182350736277.3651
2023/9/19,AAA.SZ,0.35474962867992904,1.8912476986411253,186319298959.23795
2023/9/20,AAA.SZ,0.31357552131073513,1.8650396948611785,177661516015.95013
2023/9/21,AAA.SZ,0.3329166296638287,1.8262467125167263,170783343742.91342
2023/9/22,AAA.SZ,0.3650603449114171,1.8832602555463978,178570308486.58838
2023/9/25,AAA.SZ,0.320360102425556,1.8187964608792562,172760317113.23727
2023/9/26,AAA.SZ,0.32695452340274533,1.7793111454038968,179285740247.91867
2023/9/27,AAA.SZ,0.362457739791446,1.8319049037528456,172249405968.84277
2023/9/28,AAA.SZ,0.33408012993131186,1.760970387375811,166195778798.70016
2023/9/29,AAA.SZ,0.2910164308970122,1.751006007080656,184372867022.462
2023/10/2,AAA.SZ,0.30376024045053496,1.8377240896341367,176215798784.1933
2023/10/3,AAA.SZ,0.33264372811125575,1.8403108766977907,177740359026.6565
2023/10/4,AAA.SZ,0.3265034748805026,1.7322393512826526,182839337389.29922
2023/10/5,AAA.SZ,0.3204953756338274,1.7325140820374503,187595705221.2877
2023/10/6,AAA.SZ,0.35967811508203174,1.770553803406674,181478497778.77573
2023/10/9,AAA.SZ,0.3033234724805863,1.7557182327744134,178245134058.57874
2023/10/10,AAA.SZ,0.3134145304652137,1.8136102027836465,180219351872.05667
2023/10/11,AAA.SZ,0.27488047375976243,1.7907158860361128,176233663598.7046
2023/10/12,AAA.SZ,0.33660629532677755,1.8451119073820763,178053813289.67453
2023/10/13,AAA.SZ,0.2966772848906167,1.8013084794233205,178689343115.64325
2023/10/16,AAA.SZ,0.33306937475372533,1.7518217720711358,173771260280.19714
2023/10/17,AAA.SZ,0.33025088300494315,1.688125431916606,178139264885.89212
2023/10/18,AAA.SZ,0.35748749250202544,1.7903123919496335,180042422271.52655
2023/10/19,AAA.SZ,0.3227980810788372,1.6945075722632787,180899210027.45163
2023/10/20,AAA.SZ,0.30200997968907023,1.7458874751357947,180529067758.1013
2023/10/23,AAA.SZ,0.3175356352678756,1.741387234078727,171085984779.64865
2023/10/24,AAA.SZ,0.2926221407701443,1.7508178284063876,184876649012.02863
2023/10/25,AAA.SZ,0.3135472127606848,1.709230551568333,184489712909.53445
2023/10/26,AAA.SZ,0.30251578794262113,1.737589173583293,177896721718.27557
2023/10/27,AAA.SZ,0.3045101381913108,1.8299968167595704,180905152894.09094
2023/10/30,AAA.SZ,0.2873461050910604,1.828735621524117,177361601895.24646
2023/10/31,AAA.SZ,0.31073255572749403,1.847107997316965,182604866004.11896
2023/11/1,AAA.SZ,0.3206323153939211,1.7699235205145751,174267795429.36322
2023/11/2,AAA.SZ,0.27054394373721213,1.7819388783756962,185882840300.0191
2023/11/3,AAA.SZ,0.2892664744729341,1.8253989257851597,182506886125.65732
2023/11/6,AAA.SZ,0.30586619568842816,1.692854604022924,182687650810.24344
2023/11/7,AAA.SZ,0.2550405096866596,1.8057173923689323,178287856884.98
2023/11/8,AAA.SZ,0.3362885702232929,1.8296306861947107,171324744753.9122
2023/11/9,AAA.SZ,0.2867725312676459,1.7191722295879595,183707278648.43906
2023/11/10,AAA.SZ,0.2817596629884044,1.83188845234635,171607660185.05078
2023/11/13,AAA.SZ,0.29591660088504956,1.8648081373757497,183884912094.61627
2023/11/14,AAA.SZ,0.3023684654847511,1.8000102254533863,174977380211.84067
2023/11/15,AAA.SZ,0.28406479881694924,1.7900685156822982,170650559182.09628
2023/11/16,AAA.SZ,0.31839161489921886,1.7036098686573722,179242057809.6771
2023/11/17,AAA.SZ,0.306382539273172,1.8123443270504174,185653694899.23682
2023/11/20,AAA.SZ,0.2812647593300157,1.7069202554176057,174151391667.61554
2023/11/21,AAA.SZ,0.2871989394024762,1.7760327911976863,188007838948.2695
2023/11/22,AAA.SZ,0.26696547643044727,1.7804768778471887,182992469562.03067
2023/11/23,AAA.SZ,0.2719043876048934,1.5915163497478035,180356001669.00815
2023/11/24,AAA.SZ,0.30441013039930914,1.776056647097392,177220109080.63196
2023/11/27,AAA.SZ,0.27982456493679697,1.8863083829704794,177650147025.56363
2023/11/28,AAA.SZ,0.3321680760677108,1.650140760031082,181995597450.5191
2023/11/29,AAA.SZ,0.29723831955173313,1.7515687694957054,184293702863.26425
2023/11/30,AAA.SZ,0.2685178860456229,1.6564683128960944,176585824497.49637
2023/12/1,AAA.SZ,0.2724790251401896,1.7087087158825092,175490585334.54935
2023/12/4,AAA.SZ,0.31619417917363246,1.656549708920858,178742951765.98975
2023/12/5,AAA.SZ,0.293410600459854,1.760669548912504,187475565467.504
2023/12/6,AAA.SZ,0.3146041976873069,1.792057725108051,173435548495.8693
2023/12/7,AAA.SZ,0.2872753740746249,1.772580689966543,186233529002.9179
2023/12/8,AAA.SZ,0.283258784529098,1.705332173848896,180345506218.7139
2023/12/11,AAA.SZ,0.31672817681611565,1.7211504037905505,171238746489.4858
2023/12/12,AAA.SZ,0.27706103912027885,1.7650439603001988,177731132250.0985
2023/12/13,AAA.SZ,0.30392461856874325,1.7063256807860778,183579482473.87952
2023/12/14,AAA.SZ,0.2898364364114246,1.684705073998161,190085156846.41727
2023/12/15,AAA.SZ,0.31159279835080633,1.7390928403596702,173208731528.56226
2023/12/18,AAA.SZ,0.3303518990682463,1.7037495766886508,165185809673.16177
2023/12/19,AAA.SZ,0.28612023543268317,1.7715301167442183,173410890911.20892
2023/12/20,AAA.SZ,0.28302020316474985,1.8158857697202209,186680369595.3256
2023/12/21,AAA.SZ,0.3072961578931029,1.880860193963803,170893099765.41278
2023/12/22,AAA.SZ,0.27237454371350767,1.7679459341245494,188782417780.67154
2023/12/25,AAA.SZ,0.3263962193642118,1.7834341922327475,187308589076.95795
2023/12/26,AAA.SZ,0.3230573063826942,1.7212941287648091,181813370535.51056
2023/12/27,AAA.SZ,0.274242033613639,1.7245469657585633,177434329518.81528
2023/12/28,AAA.SZ,0.26266709588582726,1.8158057975415562,181187243956.08212
2023/12/29,AAA.SZ,0.2712407727523467,1.7380051187265229,184259536406.19885
2024/1/1,AAA.SZ,0.27168516078954386,1.755718709599731,183486902625.0688
2024/1/2,AAA.SZ,0.31078546728835854,1.8135012252468163,190501520709.4271
2024/1/3,AAA.SZ,0.3259087735739026,1.739233409155137,179694261782.47034
2024/1/4,AAA.SZ,0.3109203496649673,1.8280292914743133,174092561198.99185
2024/1/5,AAA.SZ,0.2906037180478237,1.7820343600558028,173186228531.7442
2024/1/8,AAA.SZ,0.30240447330272663,1.7765584883866163,172151120200.54877
2024/1/9,AAA.SZ,0.27840300922680467,1.7218158082042214,182395270938.14496
2024/1/10,AAA.SZ,0.31800383470591737,1.7801491815056845,180107258519.41437
2024/1/11,AAA.SZ,0.3049783021313152,1.7337390575082923,181615336389.91452
2024/1/12,AAA.SZ,0.31209657577161515,1.7791910494381653,178568445755.9572
2024/1/15,AAA.SZ,0.28239354583370396,1.7511893004317125,175501193603.8829
2024/1/16,AAA.SZ,0.2939005885675581,1.805211586684895,184949612483.21448
2024/1/17,AAA.SZ,0.3121187841034536,1.7559036183840693,168234649774.1174
2024/1/18,AAA.SZ,0.3268487628856219,1.8600365402461205,177342904059.15118
2024/1/19,AAA.SZ,0.2861939601177282,1.7450481139145275,186056485777.6489
2024/1/22,AAA.SZ,0.31435857715516013,1.7328087320240004,176908964950.27795
2024/1/23,AAA.SZ,0.2849176808440304,1.7775852619986698,184014887016.29068
2024/1/24,AAA.SZ,0.3419284191646106,1.8149452065458682,177564996872.84763
2024/1/25,AAA.SZ,0.29172917514292523,1.8153585162605863,179499074482.6689
2024/1/26,AAA.SZ,0.3133524410057197,1.7710243335848856,185182648681.8979
2024/1/29,AAA.SZ,0.3042665791108545,1.7805009890687264,175117062919.5596
2024/1/30,AAA.SZ,0.35354771258809636,1.7814641684623693,186225527293.01816
2024/1/31,AAA.SZ,0.3065419873751547,1.7114636843297442,182458924343.4697
2024/2/1,AAA.SZ,0.29216000381243556,1.8175102367088858,189133001865.9285
2024/2/2,AAA.SZ,0.31578310463231196,1.7043920135679174,183456441908.57434
2024/2/5,AAA.SZ,0.31588413472648513,1.7144920490694224,176521616477.6831
2024/2/6,AAA.SZ,0.3009505627557121,1.772079203547865,191885040277.18103
2024/2/7,AAA.SZ,0.2827793866824677,1.7543992849877115,177085490338.0287
2024/2/8,AAA.SZ,0.2947033686503573,1.8112929525888546,181294109818.41492
2024/2/9,AAA.SZ,0.3234956564894191,1.7949737439089042,187837558539.3983
2024/2/12,AAA.SZ,0.27153250690676906,1.7806652477562936,172347137454.99948
2024/2/13,AAA.SZ,0.30214963495708463,1.7186554065366246,190594077289.8466
2024/2/14,AAA.SZ,0.32764993476432785,1.7774647142686515,176448135589.40305
2024/2/15,AAA.SZ,0.3065376444507406,1.7747432236188547,180317766045.77304
2024/2/16,AAA.SZ,0.35254926156246497,1.7897375136085738,184452872927.8245
2024/2/19,AAA.SZ,0.27486188521299765,1.758412749808585,182694339008.3209
2024/2/20,AAA.SZ,0.2912194646981508,1.8073688916530672,187310292020.9681
2024/2/21,AAA.SZ,0.2648579341213978,1.7652400123992467,174243223079.3838
2024/2/22,AAA.SZ,0.3517398166517703,1.8053902612352417,187083910832.09143
2024/2/23,AAA.SZ,0.2936930114347803,1.8251297496829766,187578530192.9097
2024/2/26,AAA.SZ,0.27359217423619264,1.7600164193656636,188854895286.4139
2024/2/27,AAA.SZ,0.30184089607102305,1.7495829113481791,174514025111.93536
2024/2/28,AAA.SZ,0.2869823530988964,1.813479373339536,175230323897.70364
2024/2/29,AAA.SZ,0.3035123927809899,1.7251016710759652,181480015464.29657
2024/3/1,AAA.SZ,0.31721226111408174,1.8482606062385047,175930397876.35825
2024/3/4,AAA.SZ,0.33327543808194576,1.7947710974181679,173544030148.09073
2024/3/5,AAA.SZ,0.31448245226570765,1.7900552862090284,181406149850.75137
2024/3/6,AAA.SZ,0.3192896526940836,1.8246886367489659,184872740564.0199
2024/3/7,AAA.SZ,0.3079688486174688,1.8232043454428473,199058516544.58682
2024/3/8,AAA.SZ,0.29019232064601136,1.8009751913048062,186717169121.8616
2024/3/11,AAA.SZ,0.2843293381444964,1.8462464074886245,193407861802.94815
2024/3/12,AAA.SZ,0.3148123159253016,1.7703858403714796,183560118620.30417
2024/3/13,AAA.SZ,0.3246444485202964,1.841335852596848,186945025736.5183
2024/3/14,AAA.SZ,0.31503641626969936,1.7535224609569537,183107316618.63147
2024/3/15,AAA.SZ,0.28848634971812115,1.8347442521291077,198776956695.8846
2024/3/18,AAA.SZ,0.32957189774510764,1.7945985907799733,180238715261.71875
2024/3/19,AAA.SZ,0.35900751513858853,1.7472404105653323,181041529906.11942
2024/3/20,AAA.SZ,0.3250122136756393,1.827451034275622,188533808816.52655
2024/3/21,AAA.SZ,0.316604151097512,1.8147431833354823,185335156982.23132
2024/3/22,AAA.SZ,0.3278800780739189,1.741194991749215,181899278621.86362
2024/3/25,AAA.SZ,0.3079028190595358,1.714535600472453,189608667427.90897
2023/1/3,BBB.SZ,0.11120286973664098,3.1353578127816877,77505027714.78917
2023/1/4,BBB.SZ,0.11496058711369296,3.1092150679871664,76870450965.9156
2023/1/5,BBB.SZ,0.16950362995407398,3.25154156738694,80561321467.5573
2023/1/6,BBB.SZ,0.13516586981505344,3.180206202320524,76683159639.71939
2023/1/9,BBB.SZ,0.14698446426176093,3.1938777198133006,78997833550.59406
2023/1/10,BBB.SZ,0.18282932243861516,3.107494423794535,77979792306.1314
2023/1/11,BBB.SZ,0.14975859809190642,3.186847974252338,78559811267.80159
2023/1/12,BBB.SZ,0.1482475765209187,3.250037806364203,82667506316.90918
2023/1/13,BBB.SZ,0.17130198808249097,3.1470181678996108,79318000474.16307
2023/1/16,BBB.SZ,0.14234356996821423,3.0978339138220643,79801864450.53131
2023/1/17,BBB.SZ,0.17929290496695274,3.169524664336243,77131883299.94145
2023/1/18,BBB.SZ,0.17366762353980483,3.108201779235125,80454037962.36595
2023/1/19,BBB.SZ,0.19368164029709017,3.081746312348312,80380528326.64037
2023/1/20,BBB.SZ,0.14418266830307114,3.12250649460697,80178506254.36632
2023/1/23,BBB.SZ,0.18623929287630142,3.1341923928234126,76180999587.90923
2023/1/24,BBB.SZ,0.17088730886481576,3.109006333527713,77686129210.15047
2023/1/25,BBB.SZ,0.13419888142418018,3.224207811827081,82502341315.34344
2023/1/26,BBB.SZ,0.1096781799358574,3.25184980734286,77493839054.25569
2023/1/27,BBB.SZ,0.14653111027248578,3.1877278082368585,82880413751.91896
2023/1/30,BBB.SZ,0.16922266888881296,3.1754566341034223,77880447066.40974
2023/1/31,BBB.SZ,0.17300054881293364,3.14853734834079,79556475165.17802
2023/2/1,BBB.SZ,0.16394334830769586,3.110185545609716,78785374846.0819
2023/2/2,BBB.SZ,0.1649869555223807,3.2344797683132116,77247540936.56664
2023/2/3,BBB.SZ,0.16432713398995888,3.1504933954722727,77307088367.2088
2023/2/6,BBB.SZ,0.18832139240634657,3.129778463189048,77632585605.55669
2023/2/7,BBB.SZ,0.13981358538212216,3.2028872018716643,79686512779.00797
2023/2/8,BBB.SZ,0.174739492009006,3.1476818817073857,81479988872.10194
2023/2/9,BBB.SZ,0.15374467559874191,3.199407734477124,79584089373.9402
2023/2/10,BBB.SZ,0.1528862846119732,3.129207857332391,79332490420.2625
2023/2/13,BBB.SZ,0.19535023136295587,3.199699881771715,82322473176.3489
2023/2/14,BBB.SZ,0.15295969607298174,3.1968997496195626,79562484964.78926
2023/2/15,BBB.SZ,0.17062447104142214,3.2132169161303086,78195337248.14534
2023/2/16,BBB.SZ,0.21336494301948938,3.110539259444015,77135779460.84776
2023/2/17,BBB.SZ,0.19172663877866933,3.1408645878572785,82573442331.40251
2023/2/20,BBB.SZ,0.1666255303266178,3.2413823300117968,78781512580.71147
2023/2/21,BBB.SZ,0.16902675652040747,3.13062185743822,78212234046.90552
2023/2/22,BBB.SZ,0.15266861968652673,3.1824139208683473,78031207579.11096
2023/2/23,BBB.SZ,0.20395296010728653,3.2552827554466877,82546839977.20056
2023/2/24,BBB.SZ,0.19888312933689795,3.0471661966263905,78302159496.21217
2023/2/27,BBB.SZ,0.193092583581278,3.1244762832819326,82065743074.6965
2023/2/28,BBB.SZ,0.1959897997301549,3.1373556230871684,79172513464.92119
2023/3/1,BBB.SZ,0.16524316416587778,3.0460986570016866,76858512657.12674
2023/3/2,BBB.SZ,0.15044359506977592,3.1119971242445517,78979769672.50728
2023/3/3,BBB.SZ,0.1932682756742277,3.0849525316241864,79722966660.80945
2023/3/6,BBB.SZ,0.20047145162416172,3.1751047947068263,79551625556.47548
2023/3/7,BBB.SZ,0.21547103113151164,3.044260299391105,79518058351.31544
2023/3/8,BBB.SZ,0.17992885019537927,3.22400437292783,79107865212.2742
2023/3/9,BBB.SZ,0.17761472102279974,3.162652328951207,78023537882.93703
2023/3/10,BBB.SZ,0.18035395684652897,3.0740594546140065,79957044720.97903
2023/3/13,BBB.SZ,0.1991295653550118,3.1766386617930453,81254843686.7392
2023/3/14,BBB.SZ,0.18063434106164156,3.153708133521311,76473731635.56007
2023/3/15,BBB.SZ,0.18577849419694836,3.120436764098596,83127297259.89253
2023/3/16,BBB.SZ,0.20397700076300768,3.084793064727429,71159363035.30888
2023/3/17,BBB.SZ,0.17535721619240302,3.14671484179598,80241853074.4454
2023/3/20,BBB.SZ,0.21620016147097215,3.1239187113694586,81206909178.26271
2023/3/21,BBB.SZ,0.20152697248962043,3.0817271745200805,78662954286.87411
2023/3/22,BBB.SZ,0.15218568577808522,3.0474186931157976,75028142694.4505
2023/3/23,BBB.SZ,0.17948854860229496,3.0704202378874537,79932359426.49515
2023/3/24,BBB.SZ,0.1497507630257384,3.086129287237572,80599182619.01128
2023/3/27,BBB.SZ,0.18673035540821073,3.167739545594723,77452504872.56984
2023/3/28,BBB.SZ,0.18110819079128537,3.150950904501762,78244500477.97751
2023/3/29,BBB.SZ,0.20816599146555384,3.0836843978291872,82587106746.76793
2023/3/30,BBB.SZ,0.1742268870660783,3.0838802072423874,80578274797.78438
2023/3/31,BBB.SZ,0.19996405235556955,3.1522372378537526,76685419600.10484
2023/4/3,BBB.SZ,0.20393201519023468,3.114244546303377,81430997375.81058
2023/4/4,BBB.SZ,0.19802816084320338,3.111733679908364,78129041825.09404
2023/4/5,BBB.SZ,0.21599930988769306,3.062058338104609,78529959531.08981
2023/4/6,BBB.SZ,0.2348584528022633,3.0891990540201886,80901515246.91075
2023/4/7,BBB.SZ,0.1960105105967835,3.093704982747385,80702772505.21114
2023/4/10,BBB.SZ,0.20213731776465865,3.0870335238637194,79504536814.23997
2023/4/11,BBB.SZ,0.1766732110561963,3.1263773264880665,79284809074.53072
2023/4/12,BBB.SZ,0.17411618490114508,3.12600235215683,79922583147.67827
2023/4/13,BBB.SZ,0.21539394895691075,3.039827712259478,78668033266.61229
2023/4/14,BBB.SZ,0.2129412940227006,3.058786344553651,83212997291.97752
2023/4/17,BBB.SZ,0.17449447112230684,3.0474306936482973,76811759935.40965
2023/4/18,BBB.SZ,0.16908113692369392,3.1492091063008933,80049656443.06511
2023/4/19,BBB.SZ,0.1824120291771838,3.1904222569484024,77126904991.23271
2023/4/20,BBB.SZ,0.19268291175073027,3.0525133589216296,82949881617.22386
2023/4/21,BBB.SZ,0.1874340934479207,3.065268470211579,80123519973.3453
2023/4/24,BBB.SZ,0.1989154765202009,3.113650212104976,78176850052.50334
2023/4/25,BBB.SZ,0.21411736266668988,3.0340679162982047,82421934074.56769
2023/4/26,BBB.SZ,0.20507148389640073,3.110550979136821,75233297567.10098
2023/4/27,BBB.SZ,0.20658743196373494,3.0641226186688506,81495066663.88593
2023/4/28,BBB.SZ,0.14685221899791698,2.9758233786936454,83632157711.70123
2023/5/1,BBB.SZ,0.1636051342024106,2.9958170687382557,81301582982.93973
2023/5/2,BBB.SZ,0.17993661892559157,3.041758871647753,79662799232.17635
2023/5/3,BBB.SZ,0.183202761513467,3.1175966172282426,77902498298.39136
2023/5/4,BBB.SZ,0.212574401922263,3.0096052075517066,83572595838.76617
2023/5/5,BBB.SZ,0.17812937736432297,3.0252951375087966,83222668139.9689
2023/5/8,BBB.SZ,0.20895789493298564,3.06031044203612,79427687027.68951
2023/5/9,BBB.SZ,0.1798115687374046,2.964056232163122,79518106268.79222
2023/5/10,BBB.SZ,0.1713727830465143,3.060148934733195,83933308990.20747
2023/5/11,BBB.SZ,0.17216074795588213,2.9657479559491056,82366724547.28452
2023/5/12,BBB.SZ,0.24025688019024807,3.068995118635033,76752949860.18776
2023/5/15,BBB.SZ,0.17876865294881872,2.9978855717699826,80649362887.329
2023/5/16,BBB.SZ,0.20854275341712372,2.9888985698274606,80585451852.35507
2023/5/17,BBB.SZ,0.16334882074763626,3.0473057575713804,81780657266.70876
2023/5/18,BBB.SZ,0.22266394707808682,3.0710190670224207,81218279307.75044
2023/5/19,BBB.SZ,0.20102164554966362,3.0477752341687583,79980096564.46417
2023/5/22,BBB.SZ,0.19925882019005908,3.0369765714290877,81690260269.5082
2023/5/23,BBB.SZ,0.20177726649121266,3.0353064895243675,80189563216.71231
2023/5/24,BBB.SZ,0.20368534730986257,3.04094465749832,89635368955.81548
2023/5/25,BBB.SZ,0.2090745908579352,3.041833133843338,81632828614.66174
2023/5/26,BBB.SZ,0.18058256065533354,2.9973109862579266,81323458585.29947
2023/5/29,BBB.SZ,0.17906749325471852,3.047335233048423,85884624563.03955
2023/5/30,BBB.SZ,0.19284209570942953,2.972277333027098,78079077819.8992
2023/5/31,BBB.SZ,0.20516826921679962,3.064325358976709,81168553264.41707
2023/6/1,BBB.SZ,0.18975257087285421,3.0464392048245443,79142463194.69374
2023/6/2,BBB.SZ,0.20615369262426575,3.113916257714256,83041551636.3768
2023/6/5,BBB.SZ,0.2026065236452595,3.0281110582138933,80306214180.68224
2023/6/6,BBB.SZ,0.18546855967297654,3.0454146768189436,82960131527.19759
2023/6/7,BBB.SZ,0.1544075242501114,2.9194678502306552,82810258335.87155
2023/6/8,BBB.SZ,0.17880808702143042,3.0421090767414523,83503203833.95773
2023/6/9,BBB.SZ,0.22324690356939692,3.05137130703284,82903301075.42398
2023/6/12,BBB.SZ,0.19468942807793577,3.0653040174234714,81096194250.54439
2023/6/13,BBB.SZ,0.17457964965838246,2.993606287776646,78246482116.91815
2023/6/14,BBB.SZ,0.19185142520516713,2.9679992800373673,84170046041.28618
2023/6/15,BBB.SZ,0.19982452882969473,2.9281255413863887,85177329455.83594
2023/6/16,BBB.SZ,0.172949294941897,2.9302035579086265,79448713894.57014
2023/6/19,BBB.SZ,0.20986314901226782,2.9763262351021647,83580052576.70383
2023/6/20,BBB.SZ,0.19448040334303954,2.8875334116559994,78928635109.6917
2023/6/21,BBB.SZ,0.16196555541172336,2.93419104692707,82326080798.9804
2023/6/22,BBB.SZ,0.20047487394210772,2.9745730624097932,82858024357.97066
2023/6/23,BBB.SZ,0.17452584521266432,2.9709508256352173,80831675392.204
2023/6/26,BBB.SZ,0.17849303910996264,2.9166137631108033,82138192022.83049
2023/6/27,BBB.SZ,0.16110100573257627,2.90088258189289,84015365421.57867
2023/6/28,BBB.SZ,0.1933814690773907,2.905842314373777,81687495274.29063
2023/6/29,BBB.SZ,0.17709506281158982,2.946517806471612,80321998070.11522
2023/6/30,BBB.SZ,0.19285523894561446,3.0615434304818665,78997638934.34456
2023/7/3,BBB.SZ,0.16765633546891984,3.0055647623923494,81072726509.17476
2023/7/4,BBB.SZ,0.1646522008600479,2.9607532328691266,79168431813.43585
2023/7/5,BBB.SZ,0.16230446171698826,2.9752356191007867,81156996786.75194
2023/7/6,BBB.SZ,0.18441569364131055,2.9958341497141583,80966239424.67189
2023/7/7,BBB.SZ,0.1621390719607241,2.976324313881246,84119701376.176
2023/7/10,BBB.SZ,0.17092427033488583,2.924638400789731,82345342610.95035
2023/7/11,BBB.SZ,0.1638481435766766,2.895278442275605,88470989654.62498
2023/7/12,BBB.SZ,0.18223849932724642,2.9288069238928363,77249673498.72652
2023/7/13,BBB.SZ,0.13794116278070223,2.982799713344872,83015295131.77734
2023/7/14,BBB.SZ,0.17678879270962441,2.9165896769426927,81153629333.65019
2023/7/17,BBB.SZ,0.20566673806933003,2.872402057794818,79933760135.74265
2023/7/18,BBB.SZ,0.1949432367643894,2.8389954298608453,82246499490.50658
2023/7/19,BBB.SZ,0.15706388285074532,2.9166540564175265,82087539092.4977
2023/7/20,BBB.SZ,0.17845489403609388,2.8689674092654256,85035393187.33534
2023/7/21,BBB.SZ,0.17373205878052256,2.8959742020195534,82623496506.95596
2023/7/24,BBB.SZ,0.19625875689052477,2.9881690309188675,80710773950.65083
2023/7/25,BBB.SZ,0.1158113596139072,2.9102296442899926,83276508299.90738
2023/7/26,BBB.SZ,0.18740662726483118,2.872971516625378,81907583515.02133
2023/7/27,BBB.SZ,0.1589277334314461,2.9235126267425766,79716149681.75984
2023/7/28,BBB.SZ,0.14853580846609696,3.0017117656115038,81912376590.07391
2023/7/31,BBB.SZ,0.14708045091012073,2.8972270307201335,83125651204.99901
2023/8/1,BBB.SZ,0.13562858594190538,2.7830925579033963,82758733657.00534
2023/8/2,BBB.SZ,0.14844899621399102,2.9309893270148533,83424197764.41805
2023/8/3,BBB.SZ,0.13823608343738836,2.913433596380387,81326461319.04097
2023/8/4,BBB.SZ,0.16252957472982993,2.898255149415559,83445145836.63156
2023/8/7,BBB.SZ,0.16981383776217213,2.880437821717751,82981467300.29803
2023/8/8,BBB.SZ,0.151969179684041,2.848691813477284,83027657304.85884
2023/8/9,BBB.SZ,0.18617670721944216,2.9624743236642193,82815759102.55482
2023/8/10,BBB.SZ,0.14429176995357867,2.792492154967246,88164308881.42856
2023/8/11,BBB.SZ,0.14815758331727572,2.8666537603420514,85544510004.76886
2023/8/14,BBB.SZ,0.14394766589965605,2.8631915444680605,83547212530.17332
2023/8/15,BBB.SZ,0.16444784253391811,2.92020028838412,80850647091.24648
2023/8/16,BBB.SZ,0.16553359006957105,2.937044140840672,82138543564.24194
2023/8/17,BBB.SZ,0.16051411148819855,2.8616709499201227,86909274499.00786
2023/8/18,BBB.SZ,0.14718758425338366,2.8804164407385,81516882715.68388
2023/8/21,BBB.SZ,0.12191894487969293,2.8824423245194075,82530778803.9102
2023/8/22,BBB.SZ,0.1414032283321789,2.918998809,82418038146.19173
2023/8/23,BBB.SZ,0.1764147975799982,2.9157735585399456,83911076882.00952
2023/8/24,BBB.SZ,0.16617638241780852,2.835036268395788,81933530546.68806
2023/8/25,BBB.SZ,0.15085224465153035,2.8816876384858365,83487646380.58615
2023/8/28,BBB.SZ,0.13634213097702008,2.8768068344783733,82040428593.54576
2023/8/29,BBB.SZ,0.14281939388414797,2.8497168153793457,86375982926.2754
2023/8/30,BBB.SZ,0.13455325819634636,2.872086193918726,81413510509.81567
2023/8/31,BBB.SZ,0.16507727649504494,2.8523083490062335,85589638734.86519
2023/9/1,BBB.SZ,0.12350145424019181,2.8571127336531297,81716749700.28249
2023/9/4,BBB.SZ,0.1578207139710285,2.779354847142024,81071783930.67526
2023/9/5,BBB.SZ,0.12783212387387652,2.7992120937697957,81478987443.97923
2023/9/6,BBB.SZ,0.16390620116558136,2.8839712996463636,78980181522.26514
2023/9/7,BBB.SZ,0.14509764302478262,2.780546172916621,84376503309.80002
2023/9/8,BBB.SZ,0.1206521346977342,2.8625920663119677,80397655105.24007
2023/9/11,BBB.SZ,0.12853501698431022,2.83304565512278,82437837223.04424
2023/9/12,BBB.SZ,0.1480394093260569,2.886699657876236,85263223977.75441
2023/9/13,BBB.SZ,0.12291334560955082,2.865676841265987,85209059710.27168
2023/9/14,BBB.SZ,0.13243313169138152,2.8086629773744614,79828059060.89677
2023/9/15,BBB.SZ,0.12083063395233934,2.818275169513056,84213805883.44252
2023/9/18,BBB.SZ,0.16537620979734957,2.7282921735217793,86318102966.35704
2023/9/19,BBB.SZ,0.1679252051789997,2.819201755953252,81893344512.86658
2023/9/20,BBB.SZ,0.15768201274725394,2.7603882326311746,84801101753.54256
2023/9/21,BBB.SZ,0.12505399941425002,2.811156057593912,80675044265.25359
2023/9/22,BBB.SZ,0.11861486011879703,2.788413150901525,84533145585.01622
2023/9/25,BBB.SZ,0.11022187342195573,2.7747175512132958,83921470261.17284
2023/9/26,BBB.SZ,0.15566190633095903,2.8761977239569854,85276754760.2355
2023/9/27,BBB.SZ,0.14271169718205287,2.751286252066176,85147653718.7198
2023/9/28,BBB.SZ,0.14282989078861985,2.7652519209348014,80272779297.7189
2023/9/29,BBB.SZ,0.11742157040875992,2.7768263512200044,84038998911.15094
2023/10/2,BBB.SZ,0.08643593647460734,2.7860363366264376,87371323122.4353
2023/10/3,BBB.SZ,0.09021708429927486,2.7646325181622027,78257597189.71147
2023/10/4,BBB.SZ,0.12112015064688651,2.7889173461079024,86204121379
2023/10/5,BBB.SZ,0.10871438583786756,2.82041018741668,87826673035.5851
2023/10/6,BBB.SZ,0.10562369819699308,2.837247731405966,80092421852.92477
2023/10/9,BBB.SZ,0.12450027574446994,2.8332973777201023,82164733706.76651
2023/10/10,BBB.SZ,0.1371000961971876,2.7053241411250184,85180696500.9613
2023/10/11,BBB.SZ,0.10204222924273543,2.818271694239599,81673365379.06389
2023/10/12,BBB.SZ,0.0892049965037778,2.819910024552096,87365674963.19858
2023/10/13,BBB.SZ,0.101029000068457,2.7632741413922557,86622786868.8339
2023/10/16,BBB.SZ,0.09297145279281137,2.87838332928627,80492389010.1047
2023/10/17,BBB.SZ,0.12499102536086015,2.848013692017851,82135023853.64275
2023/10/18,BBB.SZ,0.11234742490821471,2.7831368789949162,85974432638.38333
2023/10/19,BBB.SZ,0.14934644677906744,2.7611740679278745,85902199471.40251
2023/10/20,BBB.SZ,0.1257495072343809,2.872255965445178,89681760563.05814
2023/10/23,BBB.SZ,0.14666439147404037,2.7874713915067817,81891311482.20631
2023/10/24,BBB.SZ,0.081653783194707,2.791439542449773,87820773048.94908
2023/10/25,BBB.SZ,0.04403092594801755,2.789603599837162,81855942579.99086
2023/10/26,BBB.SZ,0.11331777128831988,2.8999567329657827,85453104869.77045
2023/10/27,BBB.SZ,0.11030540467073363,2.772824330047822,86469886594.28566
2023/10/30,BBB.SZ,0.10478181922479618,2.781344603721623,76675072864.37195
2023/10/31,BBB.SZ,0.10856366171097465,2.739878380809917,86570893683.45242
2023/11/1,BBB.SZ,0.08359128385173084,2.760889727530398,87794608831.23367
2023/11/2,BBB.SZ,0.11677354625447894,2.7277568176326525,87091392957.95454
2023/11/3,BBB.SZ,0.11968628500642682,2.737780197665014,89540919258.2759
2023/11/6,BBB.SZ,0.08043437063090385,2.686838574395587,86814198118.44572
2023/11/7,BBB.SZ,0.0968382067600853,2.820460700998879,83037009759.40979
2023/11/8,BBB.SZ,0.09757009723238257,2.783299272320417,87561167799.24603
2023/11/9,BBB.SZ,0.08950262218164472,2.786524215920075,82944298689.02884
2023/11/10,BBB.SZ,0.07922325822705181,2.771083085155717,84683928295.83864
2023/11/13,BBB.SZ,0.1022376388968371,2.776459139652731,86609621057.12494
2023/11/14,BBB.SZ,0.10676121178821585,2.85302335090656,85663236939.45099
2023/11/15,BBB.SZ,0.08891470726685335,2.7328531630737483,87980219632.97551
2023/11/16,BBB.SZ,0.07889166229045441,2.784465016443988,90893600367.91577
2023/11/17,BBB.SZ,0.1085236460513183,2.783482193155815,81718086068.64677
2023/11/20,BBB.SZ,0.08458728036355298,2.8262477548854426,83797225795.85742
2023/11/21,BBB.SZ,0.0933870241350828,2.7904269971095492,85460318570.74687
2023/11/22,BBB.SZ,0.09050343046123252,2.7923165701381985,83506046598.32811
2023/11/23,BBB.SZ,0.12380947146512658,2.7043640272361307,84516350324.13194
2023/11/24,BBB.SZ,0.0841536472201328,2.726269865751549,86706869511.54546
2023/11/27,BBB.SZ,0.13279648030451646,2.707838728859569,86395468730.63344
2023/11/28,BBB.SZ,0.11305251843570238,2.6418884966863962,85415748178.41992
2023/11/29,BBB.SZ,0.1341619217274806,2.7850718414179374,85188479491.17538
2023/11/30,BBB.SZ,0.11079122380543954,2.751691145153618,84268777019.52995
2023/12/1,BBB.SZ,0.0928491745736407,2.784317877667946,88440350940.6279
2023/12/4,BBB.SZ,0.07871155136310326,2.765761521104842,89126667174.63136
2023/12/5,BBB.SZ,0.08975673736269328,2.775662753739017,87511876915.79639
2023/12/6,BBB.SZ,0.126434014326762,2.8302317609498497,82013494249.96515
2023/12/7,BBB.SZ,0.09557045049543177,2.7634070182080794,84299995558.11728
2023/12/8,BBB.SZ,0.10960590678841356,2.7962392636431597,85503462154.6575
2023/12/11,BBB.SZ,0.10040274896289106,2.747456462734837,82620967905.54904
2023/12/12,BBB.SZ,0.1011499028971788,2.8036182374127234,85248049781.7661
2023/12/13,BBB.SZ,0.10183082224677757,2.7002385029732285,85128954638.41985
2023/12/14,BBB.SZ,0.10590303102224424,2.670215524765139,87865951660.21632
2023/12/15,BBB.SZ,0.07966027292761783,2.867330722364184,83851672839.69073
2023/12/18,BBB.SZ,0.09040822656554966,2.853748700184127,88121795906.49194
2023/12/19,BBB.SZ,0.10207414842317342,2.664625001475411,82729752145.89229
2023/12/20,BBB.SZ,0.09915688305682614,2.760093738821755,83111615132.53891
2023/12/21,BBB.SZ,0.08667999070625435,2.7694253463986405,84258058064.64874
2023/12/22,BBB.SZ,0.10427072657893437,2.7981396730321797,85376429543.12346
2023/12/25,BBB.SZ,0.08056817574220997,2.8490445343355257,79097553700.01846
2023/12/26,BBB.SZ,0.07160082466898264,2.7091379887447533,86481344233.74844
2023/12/27,BBB.SZ,0.10204823442077376,2.7119802186100617,89707727142.18692
2023/12/28,BBB.SZ,0.0722838501896935,2.762492931821142,87025578001.05287
2023/12/29,BBB.SZ,0.10197888852400705,2.7145911124557816,84844179233.2202
2024/1/1,BBB.SZ,0.0574230263428944,2.6273130071601116,82630737153.46338
2024/1/2,BBB.SZ,0.08217459188426625,2.7519389439178483,80788835013.5049
2024/1/3,BBB.SZ,0.09029792166347549,2.806490468523495,81249238300.50517
2024/1/4,BBB.SZ,0.06490921458638084,2.7629334057291666,85152114858.1898
2024/1/5,BBB.SZ,0.08979820958883264,2.7955336616269157,90918721143.18524
2024/1/8,BBB.SZ,0.12117898938970986,2.7887873954516116,78567078385.0728
2024/1/9,BBB.SZ,0.0723164880113775,2.7138244897041837,87362999991.9318
2024/1/10,BBB.SZ,0.09107630155034899,2.7690424643883254,83851327266.63316
2024/1/11,BBB.SZ,0.13231470938525183,2.689881827865847,84755765451.46094
2024/1/12,BBB.SZ,0.07731949553721378,2.741073578970313,83234223704.85173
2024/1/15,BBB.SZ,0.12681281957172014,2.7697517183585236,82154990597.94295
2024/1/16,BBB.SZ,0.09361651937015497,2.7677619802374793,86018381608.99066
2024/1/17,BBB.SZ,0.10157965568763115,2.7038939385995717,86397186114.58519
2024/1/18,BBB.SZ,0.12573224218948062,2.714642393840202,87466565343.75911
2024/1/19,BBB.SZ,0.09057808918682277,2.7843219497334024,81436812409.2272
2024/1/22,BBB.SZ,0.1132941451459567,2.811855647306535,88048828060.69601
2024/1/23,BBB.SZ,0.11877515157689111,2.7608797034003056,88121394535.18959
2024/1/24,BBB.SZ,0.08849235622938034,2.759148825208027,86944470261.16554
2024/1/25,BBB.SZ,0.08672115863254314,2.819365897435562,84792606869.2977
2024/1/26,BBB.SZ,0.09783436827784141,2.7350304610795915,86697955612.0369
2024/1/29,BBB.SZ,0.0989321726491003,2.8608465147498863,85515447819.8848
2024/1/30,BBB.SZ,0.08178678324520593,2.708122135777454,88452494793.10635
2024/1/31,BBB.SZ,0.09103603790744606,2.828730647001784,85035518383.12831
2024/2/1,BBB.SZ,0.03504713380093824,2.8042134622444275,86285683615.37059
2024/2/2,BBB.SZ,0.09823161338030581,2.8987393667099037,81546334736.45891
2024/2/5,BBB.SZ,0.12335129366314727,2.72318202225575,86847099565.6434
2024/2/6,BBB.SZ,0.07269027000154314,2.6635752118079363,84149092631.09067
2024/2/7,BBB.SZ,0.09733590600230248,2.843813095475952,87434682012.11852
2024/2/8,BBB.SZ,0.15603409470117208,2.7088669126702865,88174151309.23126
2024/2/9,BBB.SZ,0.1073385693659933,2.8143434402984933,84586035946.9643
2024/2/12,BBB.SZ,0.135541465853751,2.8438112378503155,86269350974.85037
2024/2/13,BBB.SZ,0.08879633917711817,2.8048686499873083,86665993605.59154
2024/2/14,BBB.SZ,0.11865311710957993,2.7986942587667847,87192898843.32376
2024/2/15,BBB.SZ,0.08668729689605101,2.8083643042314663,88310752196.48103
2024/2/16,BBB.SZ,0.11902044373643905,2.831447776848226,87998599012.11382
2024/2/19,BBB.SZ,0.12852394738030964,2.8202165797343115,85334783221.72507
2024/2/20,BBB.SZ,0.1244704316532762,2.7313473298300255,90484683761.55199
2024/2/21,BBB.SZ,0.10617595631796649,2.884766555793243,88318944249.75317
2024/2/22,BBB.SZ,0.11928876930336542,2.7974384951388247,90038407007.0334
2024/2/23,BBB.SZ,0.12020668582414606,2.8221929557188576,87321284559.42842
2024/2/26,BBB.SZ,0.12857448624600556,2.8332441505908186,87500788624.49048
2024/2/27,BBB.SZ,0.1135280360615433,2.8569357303675114,86170296118.60098
2024/2/28,BBB.SZ,0.13538540393351373,2.853214912055994,85348682453.64162
2024/2/29,BBB.SZ,0.14622429123916236,2.8086920018502544,89058015852.59209
2024/3/1,BBB.SZ,0.1119544198272269,2.8069991981393345,87239236791.79501
2024/3/4,BBB.SZ,0.12002990322598622,2.8256020211269575,86236457334.31609
2024/3/5,BBB.SZ,0.10180362805783547,2.8617447620178136,83947231749.52841
2024/3/6,BBB.SZ,0.12751307785001872,2.752705262005954,90671697355.62401
2024/3/7,BBB.SZ,0.12845760030063058,2.842159895950034,86948857470.69481
2024/3/8,BBB.SZ,0.12351010555782184,2.767281662722254,83491987365.49199
2024/3/11,BBB.SZ,0.1258522287559831,2.9058247686247958,86919795248.2183
2024/3/12,BBB.SZ,0.16246265197965581,2.8333194694544095,86211161490.00713
2024/3/13,BBB.SZ,0.06714128953430584,2.7958651546158166,86130187069.54648
2024/3/14,BBB.SZ,0.11579966180117827,2.839837970040046,88286225553.22345
2024/3/15,BBB.SZ,0.1197225086796497,2.8206203908763676,86292181471.92374
2024/3/18,BBB.SZ,0.15660624080497346,2.8139314129028934,86041951577
2024/3/19,BBB.SZ,0.1378512863330171,2.733281956279598,90414090916.29018
2024/3/20,BBB.SZ,0.13922295333476867,2.774357748675711,82355230434.43082
2024/3/21,BBB.SZ,0.15531597913323936,2.8203903584350867,86781732906.39871
2024/3/22,BBB.SZ,0.12741491750886688,2.744862065655495,89364353267.87317
2024/3/25,BBB.SZ,0.1449610393335061,2.8018085681487523,88603324586.92732
2023/1/3,CCC.SH,0.2924362969253419,1.8462057522550348,121495167752.43405
2023/1/4,CCC.SH,0.22073117442810583,1.817487698914178,123520136141.65074
2023/1/5,CCC.SH,0.2604223416370822,1.9273252952506392,125974857955.2184
2023/1/6,CCC.SH,0.2277423254030252,1.849263632920196,123132275653.31953
2023/1/9,CCC.SH,0.21723368062282733,1.843881657431303,126328163180.48438
2023/1/10,CCC.SH,0.2630249826741624,1.9107490836656116,122793142028.5891
2023/1/11,CCC.SH,0.2689764295209768,1.8835919747892904,124407007750.4293
2023/1/12,CCC.SH,0.29279174151481624,1.8576420848895283,132659149903.49615
2023/1/13,CCC.SH,0.2748686334931677,1.9242145457263033,125691652278.61378
2023/1/16,CCC.SH,0.2988196458194384,1.8551440131597963,126032433894.55594
2023/1/17,CCC.SH,0.2684649798888056,1.7742707399130127,118943203485.49883
2023/1/18,CCC.SH,0.23955063617826217,1.949451207805103,129539071857.0768
2023/1/19,CCC.SH,0.27963829331512996,1.8410189072615692,128506451422.63583
2023/1/20,CCC.SH,0.2907953669597856,1.8460895042754188,121893586056.55919
2023/1/23,CCC.SH,0.27284106371125866,1.8458878633874827,128517138155.23917
2023/1/24,CCC.SH,0.2949360518326261,1.8841413065781654,125878512876.02951
2023/1/25,CCC.SH,0.2643607706377311,1.866964783734011,124859818345.52586
2023/1/26,CCC.SH,0.27863926656783106,1.9295652966279662,129557638902.13652
2023/1/27,CCC.SH,0.26512458208832906,1.9618715409261798,122850496227.47755
2023/1/30,CCC.SH,0.31707616037061404,1.845079319450824,122104286845.49435
2023/1/31,CCC.SH,0.28719837968809575,1.8315318166489305,125627334269.10919
2023/2/1,CCC.SH,0.24891044279714705,1.8516995514551837,126869962239.13858
2023/2/2,CCC.SH,0.3091610680111078,1.8990796051997179,128553468193.21585
2023/2/3,CCC.SH,0.258302984625589,1.8706104557628334,124406739602.68828
2023/2/6,CCC.SH,0.27409054472368427,1.8506795951560697,121826628347.99055
2023/2/7,CCC.SH,0.28402497106507085,1.8100912797073538,134540811419.86363
2023/2/8,CCC.SH,0.28649311015596757,1.7637090829355575,121017630749.412
2023/2/9,CCC.SH,0.2859937213865448,1.823099578436651,125343318744.16518
2023/2/10,CCC.SH,0.2544757716071069,1.9357085196259347,128105371548.08862
2023/2/13,CCC.SH,0.28768588858883537,1.8934101080264143,129542502585.72394
2023/2/14,CCC.SH,0.30075745215486865,1.8611270565097904,123127922672.71806
2023/2/15,CCC.SH,0.3009716921200766,1.9062572687328458,118252289126.69084
2023/2/16,CCC.SH,0.2542782989136428,1.8044087775427915,123121505170.60394
2023/2/17,CCC.SH,0.2679716175881893,1.870646496128182,128621795654.53458
2023/2/20,CCC.SH,0.2609540794625818,1.7774685037221598,127821593650.244
2023/2/21,CCC.SH,0.2893900533293081,1.8830358465752894,127986105091.9632
2023/2/22,CCC.SH,0.25229929781151544,1.8776308236431676,128184266096.60648
2023/2/23,CCC.SH,0.26160477561711015,1.877712349599197,130592930569.88219
2023/2/24,CCC.SH,0.27147296918622604,1.9207915942919276,122663368919.03207
2023/2/27,CCC.SH,0.24954431166004198,1.9000462388811397,121112863390.56094
2023/2/28,CCC.SH,0.2856167345575642,1.7996088670003842,127065190615.55142
2023/3/1,CCC.SH,0.2447233273744384,1.9179709902335875,121755105937.48741
2023/3/2,CCC.SH,0.2972283151161376,1.8471155216018182,120993500437.9007
2023/3/3,CCC.SH,0.28023661019554813,1.7578066042678355,130410146377.00742
2023/3/6,CCC.SH,0.276340205807779,1.8495751739180666,126777270480.38086
2023/3/7,CCC.SH,0.28023470083836133,1.886041555528775,125980694216.5655
2023/3/8,CCC.SH,0.2888585082757143,1.8016380808556776,126100154893.59631
2023/3/9,CCC.SH,0.3025266460500425,1.9175928043478416,125553891937.11758
2023/3/10,CCC.SH,0.3176006822126345,1.8033771395419231,130596900894.58942
2023/3/13,CCC.SH,0.3121123809514272,1.824055525046838,120309888650.54443
2023/3/14,CCC.SH,0.3370294689714529,1.8134147069325544,120192339062.33505
2023/3/15,CCC.SH,0.3064487959205382,1.759718768653312,122575809101.03087
2023/3/16,CCC.SH,0.29628182078648135,1.7940016615943772,127254007858.8865
2023/3/17,CCC.SH,0.28485287871121917,1.80653114634449,133035579643.25667
2023/3/20,CCC.SH,0.2860206784244603,1.834059850263916,129532880402.1127
2023/3/21,CCC.SH,0.3057655286751814,1.6889079094134571,128526827646.84505
2023/3/22,CCC.SH,0.2754687913301015,1.8732015328627702,126020631497.72185
2023/3/23,CCC.SH,0.300494731117475,1.8710758078756669,121312707292.11076
2023/3/24,CCC.SH,0.29597991087455694,1.893159676173075,128358079617.34436
2023/3/27,CCC.SH,0.282221578044675,1.7578248413551516,134131354380.0743
2023/3/28,CCC.SH,0.2761701828151465,1.816063819896481,125576088599.1147
2023/3/29,CCC.SH,0.34808282211696095,1.8760519894265415,124399716163.34956
2023/3/30,CCC.SH,0.2700354065215932,1.878607129987574,125675635290.44382
2023/3/31,CCC.SH,0.29697375683072147,1.8994086046629683,128887828033.25328
2023/4/3,CCC.SH,0.32312631496478417,1.8288053914348972,127075245891.35654
2023/4/4,CCC.SH,0.3095849768979827,1.8190566828917287,130150388050.58621
2023/4/5,CCC.SH,0.2898457029339033,1.7421220824440806,126605400527.90968
2023/4/6,CCC.SH,0.27576930887529305,1.871406240458134,125856890991.43954
2023/4/7,CCC.SH,0.3024869764087667,1.793268621177301,127685673289.31912
2023/4/10,CCC.SH,0.24736299824492772,1.8160825939583642,124801629869.6574
2023/4/11,CCC.SH,0.3037956671415299,1.810824893407247,133523189163.79402
2023/4/12,CCC.SH,0.30132276072027475,1.690794481138596,130071733990.59949
2023/4/13,CCC.SH,0.3222393703215622,1.7679952516667916,122789015475.05319
2023/4/14,CCC.SH,0.2781635648397189,1.8292835727171934,124177304621.13481
2023/4/17,CCC.SH,0.29473701640958483,1.8021625140444255,129214953106.05122
2023/4/18,CCC.SH,0.31010315651140774,1.8256664006613759,127799924083.55925
2023/4/19,CCC.SH,0.3056176962456409,1.8397325113498524,128295713870.19504
2023/4/20,CCC.SH,0.27477711700197816,1.7573248325205237,126449725341.86378
2023/4/21,CCC.SH,0.28878616281068203,1.7706581523313059,128960976331.36267
2023/4/24,CCC.SH,0.3298229861589578,1.7872675481413418,126620912960.77896
2023/4/25,CCC.SH,0.30708221592583407,1.8308958518610718,129457208177.61467
2023/4/26,CCC.SH,0.26866664916253147,1.7783930947215218,130299768367.48854
2023/4/27,CCC.SH,0.31964923074437324,1.6989036579946901,133527778299.49716
2023/4/28,CCC.SH,0.270017228165813,1.775893654148063,125460732391.01506
2023/5/1,CCC.SH,0.2958623604533113,1.8202947041794484,127426759826.28922
2023/5/2,CCC.SH,0.3132508619708163,1.8492949800253802,122847228906.07172
2023/5/3,CCC.SH,0.3262243278778059,1.7932704195721116,134539385143.97923
2023/5/4,CCC.SH,0.2551389362710364,1.7027245375253632,120030363981.68436
2023/5/5,CCC.SH,0.3160587839438736,1.7544740641576146,134076678599.10971
2023/5/8,CCC.SH,0.31897341030762166,1.7962995219556228,128031925606.13408
2023/5/9,CCC.SH,0.29049294995114194,1.8135976517482084,129318028203.93526
2023/5/10,CCC.SH,0.3033282263838316,1.7933672839156427,127120816658.49416
2023/5/11,CCC.SH,0.24032988239070513,1.7531470172258237,127915936678.3924
2023/5/12,CCC.SH,0.24625151982907947,1.8063541135248968,130093007720.7803
2023/5/15,CCC.SH,0.3232061825199577,1.729088655126272,121599791822.49498
2023/5/16,CCC.SH,0.29006468046097156,1.768025914356081,125416893361.70099
2023/5/17,CCC.SH,0.29370812051337153,1.7939477308143,124716394268.72917
2023/5/18,CCC.SH,0.3050984708691667,1.782943765771718,129719390595.94461
2023/5/19,CCC.SH,0.29284175423362596,1.7817094237513353,128059037688.99751
2023/5/22,CCC.SH,0.2907249759442364,1.7780825799917512,130458224313.45236
2023/5/23,CCC.SH,0.3075100770673213,1.694574119063047,128757470901.8749
2023/5/24,CCC.SH,0.2694142034681418,1.745498874480901,132235271709.85596
2023/5/25,CCC.SH,0.3222111745190235,1.6967614849929828,125358749040.22917
2023/5/26,CCC.SH,0.2940790843228011,1.7253437698177967,128470653343.49048
2023/5/29,CCC.SH,0.27822566491611755,1.6789605229833493,132557366888.17606
2023/5/30,CCC.SH,0.27517300025879565,1.7522276134779284,131829540272.17465
2023/5/31,CCC.SH,0.2984523275383139,1.6342905423107823,122671442162.64954
2023/6/1,CCC.SH,0.2910781020025105,1.760973515889716,124476971189.99178
2023/6/2,CCC.SH,0.2658184310186826,1.7284310307501447,128136357643.89972
2023/6/5,CCC.SH,0.28433266168443244,1.8203190517266643,127587228170.61406
2023/6/6,CCC.SH,0.27974382064441483,1.7125221187646762,128281112591.4459
2023/6/7,CCC.SH,0.32070783017691984,1.7100423636456925,131645414803.70349
2023/6/8,CCC.SH,0.29760727002871756,1.751943287626809,129731825613.11899
2023/6/9,CCC.SH,0.32589732326138865,1.7080163040598773,129998158757.37315
2023/6/12,CCC.SH,0.27980832637725067,1.7266020269932176,131286289753.03743
2023/6/13,CCC.SH,0.28766759030967776,1.7600954061381726,132886648959.08218
2023/6/14,CCC.SH,0.30068903395849744,1.6945106408348969,116972461869.3009
2023/6/15,CCC.SH,0.30449387547539347,1.765156722475966,127325736667.66531
2023/6/16,CCC.SH,0.306270004380763,1.6189410971004206,125447421088.46916
2023/6/19,CCC.SH,0.2735188558819345,1.7805729965218644,130739819772.83559
2023/6/20,CCC.SH,0.27349243598072864,1.6084894413180972,127155127439.53102
2023/6/21,CCC.SH,0.28297490124620067,1.7630037767901836,129277149870.8471
2023/6/22,CCC.SH,0.31908526129374626,1.5995662703307232,132322951225.614
2023/6/23,CCC.SH,0.2688240250407616,1.7894122927943688,126730718410.73015
2023/6/26,CCC.SH,0.2776567233137157,1.6959196953325122,130511640395.72159
2023/6/27,CCC.SH,0.3021371137611763,1.6381239696608019,135167494144.40715
2023/6/28,CCC.SH,0.3003992019193446,1.7761163594100076,132411289319.0721
2023/6/29,CCC.SH,0.29730031050263067,1.6259093446663966,123081308154.22487
2023/6/30,CCC.SH,0.28711654727196234,1.6664783132275487,128138672806.63554
2023/7/3,CCC.SH,0.2634928866200106,1.8055758565121265,130691353462.31708
2023/7/4,CCC.SH,0.2702643238401808,1.6926128542746328,131497062029.48038
2023/7/5,CCC.SH,0.30588258246829636,1.5690327748186736,128413314530.25603
2023/7/6,CCC.SH,0.2980873725163409,1.6541687290256744,126949497917.68893
2023/7/7,CCC.SH,0.25516594609604354,1.6472478420835162,129737942605.13489
2023/7/10,CCC.SH,0.2984952517042846,1.6722671771634752,125292604870.84778
2023/7/11,CCC.SH,0.306511827898864,1.6581281378852901,133830924989.97339
2023/7/12,CCC.SH,0.28063301240434035,1.6851555911949658,136862810508.51122
2023/7/13,CCC.SH,0.2872924111271547,1.5789773513338519,131173471086.63248
2023/7/14,CCC.SH,0.2981974148174558,1.6255065175798022,128775098815.48221
2023/7/17,CCC.SH,0.2632451221649399,1.6660204547274686,133381919910.69199
2023/7/18,CCC.SH,0.32293424648291913,1.6098531730019054,132766223307.12282
2023/7/19,CCC.SH,0.29997808066391946,1.7002952075485072,128729182961.94804
2023/7/20,CCC.SH,0.2851629972576375,1.6059351131397528,129656719441.08067
2023/7/21,CCC.SH,0.2731501682408043,1.6477588846793725,127508948865.85912
2023/7/24,CCC.SH,0.28288604032033104,1.632901990094913,130566839488.83723
2023/7/25,CCC.SH,0.24092758388784774,1.5849805200481464,131131306765.36223
2023/7/26,CCC.SH,0.3129106110450943,1.6363115389975682,126964118504.51163
2023/7/27,CCC.SH,0.2929754941563446,1.5652708888229516,125854946247.73439
2023/7/28,CCC.SH,0.29880023499192443,1.6062759047929338,124913663600.58167
2023/7/31,CCC.SH,0.26925121056046114,1.6275679847394227,131755682337.08418
2023/8/1,CCC.SH,0.2605405041453125,1.5522943974564996,130125664871.06467
2023/8/2,CCC.SH,0.2533647960972383,1.6524530141087532,129884964030.46245
2023/8/3,CCC.SH,0.28222183249372645,1.6319232606336904,132067528943.9894
2023/8/4,CCC.SH,0.25479386552733224,1.6431415043293816,126771609722.34453
2023/8/7,CCC.SH,0.26038752225268447,1.6143125723319747,126149499825.48499
2023/8/8,CCC.SH,0.2741482062110873,1.5543136770311068,131318076755.80743
2023/8/9,CCC.SH,0.24911525255836614,1.6095144037460751,123652646167.9676
2023/8/10,CCC.SH,0.2822587067431553,1.638354909759342,129443409086.39821
2023/8/11,CCC.SH,0.2600995860081845,1.5453788087834976,140153911285.60468
2023/8/14,CCC.SH,0.22936366819307913,1.5470596860921297,125257758720.9477
2023/8/15,CCC.SH,0.24519498728103772,1.5880164128408776,128896312572.24428
2023/8/16,CCC.SH,0.2838254048127126,1.5794870656940412,122301897205.62424
2023/8/17,CCC.SH,0.237986299342303,1.5949918825647318,129745459133.9742
2023/8/18,CCC.SH,0.27367088287765945,1.5789756847140408,138413506239.59534
2023/8/21,CCC.SH,0.2572844465959162,1.5993353949595779,132574885735.33147
2023/8/22,CCC.SH,0.25047760971458083,1.6502158321401614,128376237773.83406
2023/8/23,CCC.SH,0.3032234621184271,1.613848889475833,139386862848.97263
2023/8/24,CCC.SH,0.22634687561128977,1.587556962211728,124025820351.66158
2023/8/25,CCC.SH,0.23628814041877436,1.527249424940905,132689936871.84706
2023/8/28,CCC.SH,0.24968214654049486,1.5443373493401256,131203137909.41365
2023/8/29,CCC.SH,0.29752632707261417,1.6203914555483543,130018333432.12335
2023/8/30,CCC.SH,0.24785089524198853,1.5527652713983748,134202582596.06204
2023/8/31,CCC.SH,0.2528208773052571,1.5257037883619093,126423221055.21872
2023/9/1,CCC.SH,0.23968366001710145,1.6769122935105176,132341498293.23396
2023/9/4,CCC.SH,0.2526394756971011,1.6461705652981555,131883258193.81396
2023/9/5,CCC.SH,0.23905940297509667,1.5616799252907574,127765556617.64207
2023/9/6,CCC.SH,0.25751369244778066,1.5117427329634396,138911833656.07114
2023/9/7,CCC.SH,0.2581654468791065,1.6000359429953976,130559429532.5076
2023/9/8,CCC.SH,0.23707735524084164,1.5373756398098997,130770268470.24237
2023/9/11,CCC.SH,0.21833124029320314,1.6043360261888275,127307618208.24185
2023/9/12,CCC.SH,0.24179756993287913,1.5335066847457852,130754456305.36287
2023/9/13,CCC.SH,0.2670582128502294,1.6382990264300883,140645616703.83795
2023/9/14,CCC.SH,0.22157676590894726,1.5281822882016833,130483393470.0024
2023/9/15,CCC.SH,0.24388743094395832,1.670466695010986,133567727072.39378
2023/9/18,CCC.SH,0.21219863403290032,1.5601143873679406,135313727115.61295
2023/9/19,CCC.SH,0.21462719643121664,1.6177293772897832,130886782128.63539
2023/9/20,CCC.SH,0.2605464261862533,1.5196830856850632,130026300354.87419
2023/9/21,CCC.SH,0.24749172217068632,1.4793162967681033,133550529681.03426
2023/9/22,CCC.SH,0.23976879145447905,1.427790356255646,130772359456.22845
2023/9/25,CCC.SH,0.18548925552684645,1.6051716370859443,130454901626.52596
2023/9/26,CCC.SH,0.22000919888693682,1.543004627723949,135524152377.07607
2023/9/27,CCC.SH,0.2423530788305373,1.475510458264616,131573940776.66377
2023/9/28,CCC.SH,0.2003929388008273,1.6021077630338594,136689875164.80191
2023/9/29,CCC.SH,0.22146199714897988,1.5923290381017225,131566558398.1421
2023/10/2,CCC.SH,0.2430465361729259,1.6020039654626663,126756362569.26886
2023/10/3,CCC.SH,0.19667303802396807,1.4642745761878098,118444842770.78067
2023/10/4,CCC.SH,0.19250131345063443,1.591987769649677,124771178801.46806
2023/10/5,CCC.SH,0.19541088444108473,1.5472970042336862,125492200077.99489
2023/10/6,CCC.SH,0.23118700411785,1.5979283792440695,133191604521.51498
2023/10/9,CCC.SH,0.21257691349341346,1.5521609719509817,128324357244.94853
2023/10/10,CCC.SH,0.24050744793003412,1.5321774820581262,124386484606.80763
2023/10/11,CCC.SH,0.22460671412013675,1.5850535951613105,131738418598.60667
2023/10/12,CCC.SH,0.2590474603764362,1.563202505699828,128005010427.3403
2023/10/13,CCC.SH,0.19594835541379862,1.5732748123906393,134178264645.20303
2023/10/16,CCC.SH,0.22660574194680602,1.4933891828125467,134121148680.53442
2023/10/17,CCC.SH,0.20334965342262143,1.5078023456015703,134582990474.58078
2023/10/18,CCC.SH,0.2305534297761478,1.4283898524138077,122296172391.98405
2023/10/19,CCC.SH,0.2202549558205871,1.485758713612129,132683889622.26305
2023/10/20,CCC.SH,0.1973129641659821,1.5519958532041513,132061575495.76703
2023/10/23,CCC.SH,0.21336379961267357,1.5394239031538466,127726079139.36053
2023/10/24,CCC.SH,0.2173128277378664,1.4610035179444103,124121789328.95763
2023/10/25,CCC.SH,0.20322149887751945,1.572890474866797,132234527098.68071
2023/10/26,CCC.SH,0.22912085082005745,1.6562477075476707,136944524271.27444
2023/10/27,CCC.SH,0.19333872331828725,1.4613063043984142,122467181536.48305
2023/10/30,CCC.SH,0.25517727447719224,1.495025046333543,129473367195.1775
2023/10/31,CCC.SH,0.23184110901169291,1.4731441765564615,133354962673.29173
2023/11/1,CCC.SH,0.2191662057281878,1.498412845708099,137355834980.60667
2023/11/2,CCC.SH,0.2685358335915078,1.5158141612452414,131667116724.9577
2023/11/3,CCC.SH,0.20489601948728883,1.4662426472614667,140655601410.12006
2023/11/6,CCC.SH,0.22277643812302697,1.4862826014565544,125831538242.28078
2023/11/7,CCC.SH,0.21448412024982932,1.5035390662537522,124985716717.70596
2023/11/8,CCC.SH,0.22547630388010834,1.5218344876156717,137139386116.95163
2023/11/9,CCC.SH,0.23896074336695675,1.570685830429474,123734030002.03915
2023/11/10,CCC.SH,0.21954406936271748,1.4957734914232956,135001931537.03592
2023/11/13,CCC.SH,0.22894299278340663,1.4675714908915538,132022210246.44543
2023/11/14,CCC.SH,0.19665691736877208,1.5296757886031551,129638600258.22078
2023/11/15,CCC.SH,0.2031149222736373,1.5140928804882987,131575010679.72122
2023/11/16,CCC.SH,0.2395927612516177,1.483698230612965,128166090585.83542
2023/11/17,CCC.SH,0.21836920022185208,1.5168759061300787,132089246892.25159
2023/11/20,CCC.SH,0.2110197385662039,1.4727832984035354,133473506987.58292
2023/11/21,CCC.SH,0.19062582602617062,1.4647674894033127,131778441755.95538
2023/11/22,CCC.SH,0.22467646044786999,1.3956972040313458,131143230238.12102
2023/11/23,CCC.SH,0.18938556556285818,1.4736737842675172,134544597170.35022
2023/11/24,CCC.SH,0.1831785151865771,1.4013812681684437,140217449426.79642
2023/11/27,CCC.SH,0.20670403954568925,1.4570053904951226,132541420691.86949
2023/11/28,CCC.SH,0.15607620480307247,1.517448557264838,136937095106.08191
2023/11/29,CCC.SH,0.21608505833988706,1.4127458247949483,129815232238.08829
2023/11/30,CCC.SH,0.2111569069494459,1.4780727738148733,128378964947.44907
2023/12/1,CCC.SH,0.19633356815574096,1.4904304105014992,135591371115.23573
2023/12/4,CCC.SH,0.19793609057572045,1.4748497807356777,132875570465.72737
2023/12/5,CCC.SH,0.2005981228856248,1.4623666304909846,138389629402.6437
2023/12/6,CCC.SH,0.1870254220721247,1.5023878649130695,139218949531.88837
2023/12/7,CCC.SH,0.20634025469306938,1.5090396576467848,137307359065.65462
2023/12/8,CCC.SH,0.19751919623837516,1.4856585430391225,137261991561.83673
2023/12/11,CCC.SH,0.20463194092811762,1.464073035020567,120245928814.48505
2023/12/12,CCC.SH,0.19916168342107318,1.5284080619387883,135846398203.29536
2023/12/13,CCC.SH,0.19513663091842837,1.4194758165709775,137570917747.41428
2023/12/14,CCC.SH,0.207685629555122,1.5192546966380704,129022564891.35054
2023/12/15,CCC.SH,0.21768399540883832,1.5057748522212175,134216732106.823
2023/12/18,CCC.SH,0.19153050488108966,1.4946772686333007,130023623719.02538
2023/12/19,CCC.SH,0.2099169233965398,1.4841983853855703,138401982340.59988
2023/12/20,CCC.SH,0.21239532261788008,1.3901933990491238,130452365208.43004
2023/12/21,CCC.SH,0.17634638093914165,1.5540895812194675,131149614734.07318
2023/12/22,CCC.SH,0.22158917358756247,1.5267170802521928,132515201129.62737
2023/12/25,CCC.SH,0.2432396052872482,1.4368070145874214,143498428005.3554
2023/12/26,CCC.SH,0.20041861003523118,1.5229414194706627,138520798160.10498
2023/12/27,CCC.SH,0.19884418668968437,1.494598728736188,141016124604.41394
2023/12/28,CCC.SH,0.19811313750897575,1.4561938230320528,127231122360.6076
2023/12/29,CCC.SH,0.21490809937237448,1.545152133893705,129465637837.14767
2024/1/1,CCC.SH,0.21285179258863976,1.4642703170177644,140038077927.3252
2024/1/2,CCC.SH,0.17098070042175922,1.5538997110105768,127561189333.12961
2024/1/3,CCC.SH,0.1856466147205486,1.513119725287339,131998931445.51587
2024/1/4,CCC.SH,0.21330775087734186,1.5345771452014898,143063395544.12494
2024/1/5,CCC.SH,0.20047079544947513,1.516078101197271,130899217648.60852
2024/1/8,CCC.SH,0.1802758142866453,1.5141660585160488,127470167162.31169
2024/1/9,CCC.SH,0.233847441955583,1.4987277264302763,135069286360.62529
2024/1/10,CCC.SH,0.18810907693639045,1.4520928736907819,127714530078.97154
2024/1/11,CCC.SH,0.20509693423852046,1.4920585803092108,139968387545.64685
2024/1/12,CCC.SH,0.20124590636962372,1.5352810881208045,131375795387.66109
2024/1/15,CCC.SH,0.1834141523188056,1.525984478589381,130603838338.91135
2024/1/16,CCC.SH,0.20901529681545694,1.5156747206690702,135200898616.59592
2024/1/17,CCC.SH,0.2135031274407353,1.3864454506594732,133483292932.04926
2024/1/18,CCC.SH,0.1966686527254744,1.4812233960792893,136186936726.6691
2024/1/19,CCC.SH,0.19967577848582757,1.4766519410571899,137319905204.41954
2024/1/22,CCC.SH,0.21880294833391334,1.4381155310124616,134363922766.14366
2024/1/23,CCC.SH,0.16770001992988565,1.5392083930058367,130572618039.69487
2024/1/24,CCC.SH,0.19072813517004128,1.3935271583893831,138293127553.00406
2024/1/25,CCC.SH,0.21233803570594068,1.5374263187046544,132552350060.9439
2024/1/26,CCC.SH,0.19799123145179245,1.5628881131252887,131878768875.89075
2024/1/29,CCC.SH,0.1981774739985101,1.48679538340541,136029879302.01955
2024/1/30,CCC.SH,0.22751916955172713,1.4944612576852303,127651606760.0146
2024/1/31,CCC.SH,0.1973211380408271,1.5474762260861836,137121319203.33633
2024/2/1,CCC.SH,0.2500883577614319,1.4618647712397306,136369161223.3121
2024/2/2,CCC.SH,0.17594639128918962,1.5340645983029397,140177917566.09436
2024/2/5,CCC.SH,0.1673431091934536,1.4561422047652064,133618397462.54932
2024/2/6,CCC.SH,0.22972235172717734,1.4421966933311894,141088963233.40167
2024/2/7,CCC.SH,0.19303934724650623,1.5189327473178484,137893429859.88623
2024/2/8,CCC.SH,0.1939655425796218,1.5038916728457217,135668477529.74754
2024/2/9,CCC.SH,0.23360401146983156,1.4202968340072124,143220755209.71222
2024/2/12,CCC.SH,0.20457978257743642,1.5782616653141064,136247520483.9762
2024/2/13,CCC.SH,0.23336145772901426,1.4879371937064112,133786992151.01384
2024/2/14,CCC.SH,0.2035880859398603,1.5354116442838002,136446358491.68643
2024/2/15,CCC.SH,0.22370186773716497,1.5913688989319492,133783530062.06645
2024/2/16,CCC.SH,0.206890277638759,1.5247493348677996,137547902859.24036
2024/2/19,CCC.SH,0.19940231296848226,1.5773201926636877,141455035917.76184
2024/2/20,CCC.SH,0.2531025176941511,1.4718162517265072,136072338441.6765
2024/2/21,CCC.SH,0.24152352216056738,1.5873582712664587,136514112281.50592
2024/2/22,CCC.SH,0.205376860125128,1.476382302469996,139446499610.35327
2024/2/23,CCC.SH,0.21706850218044144,1.4905112358876462,141079856179.64612
2024/2/26,CCC.SH,0.25089880490590216,1.4477538630392712,134418329862.1968
2024/2/27,CCC.SH,0.20235854252521862,1.5353530018934167,137014390407.04807
2024/2/28,CCC.SH,0.20420004299342134,1.5549483805235815,139632254306.21732
2024/2/29,CCC.SH,0.23305296850011234,1.5632380136717288,137741594546.21014
2024/3/1,CCC.SH,0.2698412357673254,1.4548389947984988,128810959354.517
2024/3/4,CCC.SH,0.22629731550527005,1.5467127181758369,140496851065.86444
2024/3/5,CCC.SH,0.24701572432457777,1.5501332639947485,138655720225.07236
2024/3/6,CCC.SH,0.20647871204853405,1.5618673656005673,138988428768.46155
2024/3/7,CCC.SH,0.2348654683845094,1.4941111193836836,131710856272.53534
2024/3/8,CCC.SH,0.22127765942089062,1.4091250403040168,137261743502.12502
2024/3/11,CCC.SH,0.2666363130432667,1.571380471449064,140136010106.6901
2024/3/12,CCC.SH,0.26211951688720875,1.5304547131842112,133107174118.02986
2024/3/13,CCC.SH,0.27658365615337666,1.5534710225080173,134213895458.97208
2024/3/14,CCC.SH,0.21794258937919359,1.5364642219912823,140332217501.62668
2024/3/15,CCC.SH,0.23342652219038415,1.5546778542175612,134103094374.57602
2024/3/18,CCC.SH,0.2410909028331427,1.5815891596031502,136026408740.47462
2024/3/19,CCC.SH,0.22133573322090186,1.4536845674970384,132673663302.88211
2024/3/20,CCC.SH,0.23796991640732768,1.6054108465207335,144442510879.86185
2024/3/21,CCC.SH,0.2544179918431275,1.541098322499864,139145273567.76108
2024/3/22,CCC.SH,0.22612631679107648,1.6334259199374879,135996328358.18623
2024/3/25,CCC.SH,0.223966955222975,1.5309870461215467,135267964169.02187
2023/1/3,DDD.SH,0.010967255739726657,3.0738379927653554,84872629346.02213
2023/1/4,DDD.SH,0.030214743533782902,3.0982226743736057,85411689441.64575
2023/1/5,DDD.SH,0.021696336367730985,3.092779532058029,81519757661.67168
2023/1/6,DDD.SH,0.05758567598328709,3.061332572687163,78609781971.22458
2023/1/9,DDD.SH,0.018187770104817782,3.035407388344403,86013311723.4374
2023/1/10,DDD.SH,0.047401921363266784,3.0543590169991055,80923700142.7348
2023/1/11,DDD.SH,0.06067465328773902,3.056093720664182,87118789385.26796
2023/1/12,DDD.SH,0.02618499488588412,3.080546545243409,82605886351.36859
2023/1/13,DDD.SH,0.02288714149795387,3.0768731666941904,81501558612.75204
2023/1/16,DDD.SH,0.054041168828137545,3.1543996944619104,85002884921.6709
2023/1/17,DDD.SH,0.0008880962516486929,3.0690975127593103,85703752849.06401
2023/1/18,DDD.SH,0.04604661209150185,3.084826527770599,85581438575.60068
2023/1/19,DDD.SH,0.006846794692547356,3.069998892343825,85470722345.43486
2023/1/20,DDD.SH,0.06371601663031526,3.0496979561974418,82442733651.69951
2023/1/23,DDD.SH,0.035136127221460006,3.0833158624646084,80399277296.96648
2023/1/24,DDD.SH,0.03926815906826541,3.0441256484095383,83301322726.97423
2023/1/25,DDD.SH,0.0274994790689006,3.061763465007484,81416316830.72975
2023/1/26,DDD.SH,0.011225817317679847,3.1221225888864703,85436439613.15884
2023/1/27,DDD.SH,0.06908711082540693,3.0393452908635616,86582454626.5759
2023/1/30,DDD.SH,0.04123281673308562,3.082403911137621,84834584922.4729
2023/1/31,DDD.SH,0.10970721645331163,2.938362153703731,84422613647.12463
2023/2/1,DDD.SH,0.030199587710579352,3.052524845634224,83666176500.14207
2023/2/2,DDD.SH,0.03433391446756296,3.036518175126653,86964965936.04535
2023/2/3,DDD.SH,0.030180375856936788,3.0664389468936037,79867354572.83989
2023/2/6,DDD.SH,0.04545209270585926,3.047885752827474,81476824769.4896
2023/2/7,DDD.SH,0.08132199166184569,3.066015114276922,89197628170.75551
2023/2/8,DDD.SH,0.07085469575216771,3.0392176317517077,81406311029.129
2023/2/9,DDD.SH,0.021386878602684345,3.0766496121300406,85966807162.01353
2023/2/10,DDD.SH,0.07637776158743917,2.970753047436522,86517412163.72322
2023/2/13,DDD.SH,0.06675969996561526,3.0611785051547518,79780982137.86845
2023/2/14,DDD.SH,0.06353096830279062,3.007847281133364,80294821845.09187
2023/2/15,DDD.SH,0.04100827320898438,3.1121586770462057,87944196497.78882
2023/2/16,DDD.SH,0.043275023167734766,3.00513965698139,82283199165.31677
2023/2/17,DDD.SH,0.05898469823992143,3.101567448728929,82379536531.54352
2023/2/20,DDD.SH,0.04593993750363339,3.050207048856946,83487163982.77776
2023/2/21,DDD.SH,0.08400511152868134,2.9582941750873766,82370068446.62477
2023/2/22,DDD.SH,0.046571818295552986,3.004839118359366,86207715022.45406
2023/2/23,DDD.SH,0.02028302196377335,3.0899344106237563,81885005193.17268
2023/2/24,DDD.SH,0.03390520846959255,3.085958552513942,79915012382.2125
2023/2/27,DDD.SH,0.03587952480575864,2.980276381395689,87897850650.02945
2023/2/28,DDD.SH,0.056064433519879144,3.1221947550264026,82090329995.99825
2023/3/1,DDD.SH,0.06633323118358632,3.0416042344665857,83088410587.95296
2023/3/2,DDD.SH,0.06375610681637232,3.0858278227053253,87150855125.98428
2023/3/3,DDD.SH,0.07255390128036553,2.979719382851431,85240801486.21596
2023/3/6,DDD.SH,0.05893294782909379,3.0162129253323293,87928673349.61165
2023/3/7,DDD.SH,0.06027021173253323,3.0584777355120765,87274977769.62216
2023/3/8,DDD.SH,0.10026210796526182,3.0206699240307193,83986362425.72993
2023/3/9,DDD.SH,0.08993515217799723,2.888907760916471,87783429602.25165
2023/3/10,DDD.SH,0.07458342473638295,3.0240012716274145,85628756638.36505
2023/3/13,DDD.SH,0.08532635251827217,2.933872636679868,83697629581.03403
2023/3/14,DDD.SH,0.02903007756364609,2.9771143776176077,85998028570.85738
2023/3/15,DDD.SH,0.05165075771227991,2.959021610552553,81932711167.74594
2023/3/16,DDD.SH,0.05999012681649277,3.0842835365620815,87444714237.68942
2023/3/17,DDD.SH,0.052936874215071233,3.0984392877944953,87140956972.49278
2023/3/20,DDD.SH,0.038740589744739894,3.0416407445213016,85674219091.186
2023/3/21,DDD.SH,0.07855432255277829,3.0114756198864283,80479408783.28726
2023/3/22,DDD.SH,0.09833130770895752,3.0227882416464844,88379659122.46596
2023/3/23,DDD.SH,0.07081769223124869,3.076332285531814,86569485095.18425
2023/3/24,DDD.SH,0.08447952806091388,2.918912620205497,85417814658.33626
2023/3/27,DDD.SH,0.07109151845256903,2.96264994171294,85040929389.9884
2023/3/28,DDD.SH,0.06351989083853486,3.0649049320051964,84154837661.18114
2023/3/29,DDD.SH,0.0911310816202781,3.0735911783014864,84675529541.02765
2023/3/30,DDD.SH,0.044561689387407066,3.040715825079374,87562447404.31741
2023/3/31,DDD.SH,0.036219551556342,2.9572109004352765,84287879702.47414
2023/4/3,DDD.SH,0.04498732072103115,3.0571445127374846,84937981893.82124
2023/4/4,DDD.SH,0.09123427752253843,3.07392443133029,85342488235.43452
2023/4/5,DDD.SH,0.0762193145483378,3.0399294766062335,85440491678.65602
2023/4/6,DDD.SH,0.0823016895287351,2.877459369565263,84136896851.71878
2023/4/7,DDD.SH,0.10858838577032673,3.0065114946839278,85315589033.42247
2023/4/10,DDD.SH,0.05204518809420185,3.0276449692786946,86664616133.0815
2023/4/11,DDD.SH,0.09964041167448942,2.9706829192308586,83479590470.13278
2023/4/12,DDD.SH,0.06785841905701091,3.0038583612426053,85410112140.43427
2023/4/13,DDD.SH,0.06502839260369497,2.9668925007783447,90838217267.90694
2023/4/14,DDD.SH,0.07781344560403909,2.947507255398556,85729116180.45349
2023/4/17,DDD.SH,0.0811198478777029,3.064118766023683,83521254980.76825
2023/4/18,DDD.SH,0.07231295914079214,2.9973261063596945,83246512632.16016
2023/4/19,DDD.SH,0.08887130545040181,2.9292386030034745,82711602300.07736
2023/4/20,DDD.SH,0.07849358683400759,2.913654280953233,90200610901.02385
2023/4/21,DDD.SH,0.07290824344090996,2.9373639820740287,88631813734.62915
2023/4/24,DDD.SH,0.06865775059633379,2.935545656658926,82728406497.03783
2023/4/25,DDD.SH,0.08182129589196432,2.9835448390124566,86637464951.22232
2023/4/26,DDD.SH,0.049974493930753455,2.998373253718837,89277467677.76141
2023/4/27,DDD.SH,0.05565398956882628,2.9961802791653573,86036327000.52939
2023/4/28,DDD.SH,0.06981219966054449,2.9322946193351025,84897731147.63026
2023/5/1,DDD.SH,0.08805894995695761,3.013660138337715,91990972265.62674
2023/5/2,DDD.SH,0.12000101171138343,3.026833645618814,81295343430.39177
2023/5/3,DDD.SH,0.07392237591735865,2.950240875989432,93063538788.77086
2023/5/4,DDD.SH,0.04157147355513666,2.909418252466753,86434585423.6189
2023/5/5,DDD.SH,0.061180709959413195,2.9638041481529807,89648153622.36565
2023/5/8,DDD.SH,0.09007543285605646,3.064547897951847,83225001278.15756
2023/5/9,DDD.SH,0.05738629549292515,2.901369456424093,84482418008.99506
2023/5/10,DDD.SH,0.05055381779517529,2.9257029603836697,83591064431.85129
2023/5/11,DDD.SH,0.08960137332741312,2.952596518120641,86155737370.36488
2023/5/12,DDD.SH,0.08566740570069546,2.9745089642394396,87243384236.78697
2023/5/15,DDD.SH,0.04674339162225624,2.845835331057521,89240502871.56363
2023/5/16,DDD.SH,0.05810139648917685,3.0080852664049083,82059428341.50854
2023/5/17,DDD.SH,0.10068444703736375,3.00507037863056,86935614223.81805
2023/5/18,DDD.SH,0.09262050655477252,2.9168697143595295,88879835794.40475
2023/5/19,DDD.SH,0.05137164649073936,3.0710830108842107,89394709046.29654
2023/5/22,DDD.SH,0.035279709874339205,2.9947695204345584,85466774599.55019
2023/5/23,DDD.SH,0.08014933250393728,2.989728730554615,85526426358.43521
2023/5/24,DDD.SH,0.06856224707455452,2.987996077450986,86427481838.99048
2023/5/25,DDD.SH,0.07780633777395261,2.9841569818280136,87178313602.4047
2023/5/26,DDD.SH,0.08653600205476644,2.9227194191988586,90111017877.87852
2023/5/29,DDD.SH,0.05437212494061409,2.915351940704442,83600507601.847
2023/5/30,DDD.SH,0.06449296177512379,2.8717981957518486,84730576260.4761
2023/5/31,DDD.SH,0.054776797692691025,2.8876769621358545,83337925075.85468
2023/6/1,DDD.SH,0.05509923389606777,2.898561993122543,87947093174.76106
2023/6/2,DDD.SH,0.08324909473314585,2.914934064846207,89730437388.93765
2023/6/5,DDD.SH,0.07440941377648301,2.9891232928754885,83184196936.4294
2023/6/6,DDD.SH,0.039827643657455905,2.8016248062719553,87147119639.38434
2023/6/7,DDD.SH,0.08513145064243222,2.971531333286865,89627458204.35188
2023/6/8,DDD.SH,0.06315549859531823,2.8512202955515553,89018168411.2459
2023/6/9,DDD.SH,0.08509252118813541,2.8941123685941363,89015716411.19484
2023/6/12,DDD.SH,0.04887172830327059,2.8606379147826675,83920009253.152
2023/6/13,DDD.SH,0.050135146068205266,2.987086670484553,89063682037.15092
2023/6/14,DDD.SH,0.07315089377351608,2.866885915146171,86596160432.61327
2023/6/15,DDD.SH,0.04564069985811879,2.915463531333379,89906198246.88882
2023/6/16,DDD.SH,0.061511237874467925,2.9155585447674888,88311408284.11154
2023/6/19,DDD.SH,0.042232256041017976,2.826396086175621,85032418613.183
2023/6/20,DDD.SH,0.058017302416707106,2.8770566487609677,87921895990.47176
2023/6/21,DDD.SH,0.06460490039744579,2.9396081453381857,89361997272.20155
2023/6/22,DDD.SH,0.064930961067649,2.83322507418131,85922560894.98561
2023/6/23,DDD.SH,0.05670142164166482,2.9158287883254688,87612851493.49957
2023/6/26,DDD.SH,0.0700209078008111,2.8553193070659972,83802576731.45898
2023/6/27,DDD.SH,0.06565461474055284,2.927548303419351,88769389552.08778
2023/6/28,DDD.SH,0.060243461707231605,2.954232639139236,87211187040.57832
2023/6/29,DDD.SH,0.04883361084964974,2.763958274280332,89782675763.76353
2023/6/30,DDD.SH,0.08202322900554601,2.794936673673953,88779923681.22676
2023/7/3,DDD.SH,0.06767998157325669,2.8374121822541967,86373550967.83688
2023/7/4,DDD.SH,0.03851634349798311,2.930104588568827,85248403919.15405
2023/7/5,DDD.SH,0.0714891348211267,2.8809542384186977,84671565454.16306
2023/7/6,DDD.SH,0.07528317694787909,2.7895931809232923,86192336766.09038
2023/7/7,DDD.SH,0.05539302742330885,2.8832792524586197,89882393833.4219
2023/7/10,DDD.SH,0.05596303094629554,2.8011520176827034,82965627707.9628
2023/7/11,DDD.SH,0.014317523893512554,2.8878743041666484,84885598146.84126
2023/7/12,DDD.SH,0.037846253454531985,2.868808737148511,89893761332.11896
2023/7/13,DDD.SH,0.07079935419821513,2.793471894129733,91158075661.4584
2023/7/14,DDD.SH,0.03747392549948041,2.8336013688905086,85104332528.1431
2023/7/17,DDD.SH,0.04912129000215995,2.895659882182862,84963692670.70059
2023/7/18,DDD.SH,0.034328566146773695,2.7373558189930973,91450286557.67088
2023/7/19,DDD.SH,0.05529151114522293,2.8445508897090717,87448327109.43521
2023/7/20,DDD.SH,0.0577159637740256,2.771694410149834,85445189745.47272
2023/7/21,DDD.SH,0.0574084967168017,2.823780470727625,90581565554.45148
2023/7/24,DDD.SH,0.025361950593521577,2.845035371170764,89183831385.78911
2023/7/25,DDD.SH,0.04942595435546721,2.920370433400455,89826694453.13821
2023/7/26,DDD.SH,0.07795892927093928,2.815969521172615,85690336135.5703
2023/7/27,DDD.SH,0.06052611581479033,2.888141200505778,88928694669.94054
2023/7/28,DDD.SH,0.04654526613530065,2.7704289777717395,91256488773.35066
2023/7/31,DDD.SH,0.005175258806966017,2.7853006948430092,89686788455.17749
2023/8/1,DDD.SH,0.037917836862308665,2.837011657680127,90451947142.9762
2023/8/2,DDD.SH,0.07493693013479553,2.815363405460601,91756959100.23982
2023/8/3,DDD.SH,0.06748115539465181,2.7864810040943784,89208262823.89525
2023/8/4,DDD.SH,0.04943185197378638,2.782763164208087,86612172679.80391
2023/8/7,DDD.SH,0.024906731032082352,2.864851267298423,90452650821.96121
2023/8/8,DDD.SH,0.03942448168409084,2.781423168521843,85236828083.93799
2023/8/9,DDD.SH,0.05293011392040295,2.74247300128342,87600731032.66321
2023/8/10,DDD.SH,0.055349233693676315,2.7484536953415106,89772940602.7412
2023/8/11,DDD.SH,0.04186549203649772,2.8223867260184177,79726808901.65953
2023/8/14,DDD.SH,0.0517855265709511,2.8994245304596755,88940504801.91461
2023/8/15,DDD.SH,0.03257986762074701,2.7581189189510598,89093323677.40985
2023/8/16,DDD.SH,0.03076224090909355,2.8894822396910214,85317271728.30103
2023/8/17,DDD.SH,0.022706727531710116,2.779255456895205,89218711312.56348
2023/8/18,DDD.SH,0.03943874813787325,2.7635673914777823,88886289557.62267
2023/8/21,DDD.SH,0.05001646166430071,2.7298189850656565,88500424501.91887
2023/8/22,DDD.SH,0.04323917152147232,2.763221662132762,91593730896.18768
2023/8/23,DDD.SH,0.003769527833318978,2.733119859015889,90798271624.18932
2023/8/24,DDD.SH,0.0039003925240248365,2.7269277592718986,90192374958.4427
2023/8/25,DDD.SH,0.04832228854641883,2.683979909885436,85801069836.98833
2023/8/28,DDD.SH,0.028840882553451394,2.852739933938909,88502633206.47845
2023/8/29,DDD.SH,0.028682980618745232,2.815521464650237,91723763670.62277
2023/8/30,DDD.SH,0.02729388980923471,2.7737669804499414,88033454160.741
2023/8/31,DDD.SH,0.05752728692321889,2.750888017679917,92764434983.5259
2023/9/1,DDD.SH,0.012633352003315288,2.755729043660764,90439311595.34668
2023/9/4,DDD.SH,0.042958265196985417,2.715099571134729,93235556720.2829
2023/9/5,DDD.SH,0.024366569951828773,2.695207442225698,85874111059.72162
2023/9/6,DDD.SH,-0.013244341,2.785744084680948,88330689762.72353
2023/9/7,DDD.SH,0.0013433331067437201,2.734754286854663,88609971012.35379
2023/9/8,DDD.SH,0.004777525181086257,2.762163246355326,90412587276.39917
2023/9/11,DDD.SH,0.037861679702046264,2.6607848608445916,86857269668.84535
2023/9/12,DDD.SH,0.03963080748581548,2.7261853361627093,84567905821.44633
2023/9/13,DDD.SH,0.021251533254972373,2.6823586787909792,89889244851.47093
2023/9/14,DDD.SH,0.002813190548505042,2.7623195783662484,87931007657.28334
2023/9/15,DDD.SH,-0.005851851,2.7859913343871914,87680301254.14612
2023/9/18,DDD.SH,0.034223741363984206,2.807343888562173,87114788506.41391
2023/9/19,DDD.SH,-0.015109027,2.7010625299172943,89322263913.58357
2023/9/20,DDD.SH,0.007619982152840729,2.6742905700114643,86143358775.16776
2023/9/21,DDD.SH,0.056109157081700375,2.707951549947425,88528088392.81546
2023/9/22,DDD.SH,-0.002447577,2.692133271350331,86860023029.27605
2023/9/25,DDD.SH,-0.018350565,2.74690053496679,87473843928.23482
2023/9/26,DDD.SH,-0.029083426,2.653462238596378,90075943341.29987
2023/9/27,DDD.SH,0.05345556558301705,2.63416689865419,90899910790.85577
2023/9/28,DDD.SH,0.011505469305957554,2.702872616589224,88366241758.35474
2023/9/29,DDD.SH,-0.013683129,2.754852061461178,91803208049.40567
2023/10/2,DDD.SH,-0.000910592,2.6655092598671346,86636428435.33308
2023/10/3,DDD.SH,-0.011204626,2.757716963367799,85197908815.8393
2023/10/4,DDD.SH,-0.036025397,2.731931512276262,85716093539.904
2023/10/5,DDD.SH,0.01620847379264358,2.7894321057644036,86441845098.11903
2023/10/6,DDD.SH,0.00033223469111542925,2.670431915034362,85832036355.09535
2023/10/9,DDD.SH,0.012975238002629811,2.6286982413614455,94798433456.48045
2023/10/10,DDD.SH,-0.001763837,2.7374512129040256,85248647978.66203
2023/10/11,DDD.SH,-3.01E-05,2.7200454813079635,91949474804.73643
2023/10/12,DDD.SH,-0.048101003,2.7147298551278642,89394558643.14568
2023/10/13,DDD.SH,0.014013632776531663,2.650792568216799,90092659445.32866
2023/10/16,DDD.SH,-0.026637209,2.7405465041888952,87084996762.84618
2023/10/17,DDD.SH,-0.022229044,2.6687489449250665,90419308540.09111
2023/10/18,DDD.SH,-0.016849592,2.709180976937499,87116839438.99762
2023/10/19,DDD.SH,-0.048158755,2.6747839324554374,92080785936.6291
2023/10/20,DDD.SH,-0.019317071,2.7141926767639455,92331722255.4473
2023/10/23,DDD.SH,-0.021378159,2.6354554106857035,89292997139.9456
2023/10/24,DDD.SH,-0.016547125,2.718961459780751,89496783021.66394
2023/10/25,DDD.SH,-0.043657234,2.7256500878087655,90875686985.01491
2023/10/26,DDD.SH,0.00829036254921153,2.6973902721708174,90766113580.69852
2023/10/27,DDD.SH,-0.002919614,2.772634784364957,92524453735.3224
2023/10/30,DDD.SH,-0.028765022,2.6996745734538816,92476743443.82205
2023/10/31,DDD.SH,-0.023704947,2.734159056813392,89744069948.83588
2023/11/1,DDD.SH,0.0041130282801785725,2.691775394385231,88563111161.5569
2023/11/2,DDD.SH,-0.018361274,2.727586225398912,92065519758.93991
2023/11/3,DDD.SH,-0.038570042,2.608441499385298,89483288411.37546
2023/11/6,DDD.SH,-0.015964238,2.6857732520064266,90239367714.92607
2023/11/7,DDD.SH,-0.036567671,2.6268275591617214,91391385284.97617
2023/11/8,DDD.SH,-0.029471835,2.6892731700734096,92621488995.72649
2023/11/9,DDD.SH,-0.016815388,2.7005682416582366,90719928226.49544
2023/11/10,DDD.SH,0.00482798948620301,2.720869735986352,88456997278.15767
2023/11/13,DDD.SH,0.023732288119303842,2.7041561899488418,94926616869.45923
2023/11/14,DDD.SH,0.010075667960949549,2.66201360395688,94234991276.72185
2023/11/15,DDD.SH,-0.019040521,2.6404018830991434,87373756153.6858
2023/11/16,DDD.SH,0.02713268442780068,2.560210856394644,87687902990.78015
2023/11/17,DDD.SH,-0.007243858,2.680065119758791,88055053643.30264
2023/11/20,DDD.SH,-0.038381827,2.732831234032805,92505661487.40125
2023/11/21,DDD.SH,-0.017259614,2.68070378466597,95204853417.02307
2023/11/22,DDD.SH,-0.032635116,2.6704228981871188,88893642351.90944
2023/11/23,DDD.SH,-0.044784566,2.6812202250422925,90750783499.98442
2023/11/24,DDD.SH,-0.043623965,2.6541193681913415,88280690818.36636
2023/11/27,DDD.SH,-0.023380481,2.682721398206475,94955877752.17236
2023/11/28,DDD.SH,-0.005631146,2.652223758346868,92611625444.68536
2023/11/29,DDD.SH,0.0003862674859851263,2.627057659513175,88166492599.45659
2023/11/30,DDD.SH,-0.046117657,2.667797512268622,84727171283.02715
2023/12/1,DDD.SH,-0.027516856,2.666299001059927,93274081264.6288
2023/12/4,DDD.SH,-0.011931054,2.76453541628608,88931949402.53932
2023/12/5,DDD.SH,-0.018819609,2.6301462931804296,92802044816.11676
2023/12/6,DDD.SH,-0.008142425,2.662143760012063,91339090532.92166
2023/12/7,DDD.SH,-0.030886394,2.6569988522779044,85585120158.01514
2023/12/8,DDD.SH,0.003124077905788232,2.647195515960645,88403968979.72284
2023/12/11,DDD.SH,-0.022543264,2.695013763843572,89661559937.15852
2023/12/12,DDD.SH,-0.007410584,2.7810668371550196,88814207416.20888
2023/12/13,DDD.SH,-0.030269592,2.6529688807273857,90995759131.60652
2023/12/14,DDD.SH,-0.021557726,2.694677914272812,91799659804.86342
2023/12/15,DDD.SH,-0.05469984,2.5731689540853,95605819347.55927
2023/12/18,DDD.SH,-0.039550539,2.649046870920962,92048545228.9175
2023/12/19,DDD.SH,-0.026983138,2.7464526381300383,94851770633.57445
2023/12/20,DDD.SH,-0.020833376,2.665940240299868,89519006767.85857
2023/12/21,DDD.SH,0.03080636796050401,2.6938363848468714,94021432621.47214
2023/12/22,DDD.SH,-0.030421037,2.6376433919789997,89834242645.11285
2023/12/25,DDD.SH,-0.050263548,2.6817518039524857,88400405954.22679
2023/12/26,DDD.SH,0.011388896595180074,2.750637168536712,88312040934.8121
2023/12/27,DDD.SH,-0.000996472,2.6111500166240775,83747404168.99933
2023/12/28,DDD.SH,-0.045598305,2.7786684707411906,93315409519.12195
2023/12/29,DDD.SH,-0.013040096,2.5922626599070515,87489154432.10094
2024/1/1,DDD.SH,-0.005500971,2.6455346087630582,94885427195.77939
2024/1/2,DDD.SH,-0.018770895,2.6282949427693127,90591223768.40636
2024/1/3,DDD.SH,-0.015355848,2.6567800789289966,86845666554.34329
2024/1/4,DDD.SH,-0.034324951,2.628301486091594,88067035907.36276
2024/1/5,DDD.SH,-0.011394304,2.6248852703464776,91671516864.14421
2024/1/8,DDD.SH,-0.031070235,2.6121896098300166,86035582884.35498
2024/1/9,DDD.SH,-0.073906966,2.7041663072532915,92819764141.043
2024/1/10,DDD.SH,-0.01681266,2.660533342224042,87083053951.10307
2024/1/11,DDD.SH,-0.053978916,2.647954194184521,89237737540.05447
2024/1/12,DDD.SH,0.00010485022495726123,2.68757181242538,91832830352.4438
2024/1/15,DDD.SH,-0.042469796,2.5992871384330978,92597293138.2538
2024/1/16,DDD.SH,-0.068585205,2.6899280956018985,93529961314.9647
2024/1/17,DDD.SH,-0.054566155,2.6705420672407367,87790193481.40904
2024/1/18,DDD.SH,-0.019648681,2.6727301315007166,90553535327.86926
2024/1/19,DDD.SH,-0.014711542,2.7025221606475536,94424871644.0823
2024/1/22,DDD.SH,-0.04630085,2.7594520308327426,90609035455.89919
2024/1/23,DDD.SH,-0.039086301,2.6941666700242424,92289961255.37491
2024/1/24,DDD.SH,-0.017374487,2.6687962886321475,91955954183.95026
2024/1/25,DDD.SH,0.0026725712923052584,2.620459732908318,95111052544.67818
2024/1/26,DDD.SH,-0.040516959,2.5608827253509645,90285526916.90724
2024/1/29,DDD.SH,-0.008259761,2.687679099654522,87773747709.36932
2024/1/30,DDD.SH,-0.050129816,2.619193958852597,88960399438.29332
2024/1/31,DDD.SH,-0.008535923,2.5560825125664355,92167605999.79546
2024/2/1,DDD.SH,0.0007793127178738358,2.66650140373351,87359384842.80069
2024/2/2,DDD.SH,-0.003320547,2.696997282229937,90205996232.64055
2024/2/5,DDD.SH,0.006629619829248444,2.7232455339533512,91938957560.45139
2024/2/6,DDD.SH,0.005857154865984562,2.7401287452699097,89648837919.40953
2024/2/7,DDD.SH,0.02481568711054913,2.7319162401426333,92686791663.46458
2024/2/8,DDD.SH,-0.009361939,2.734352194368178,93809787245.84091
2024/2/9,DDD.SH,0.026065852064978412,2.616940969913855,93095512252.34865
2024/2/12,DDD.SH,-0.029198149,2.6840137568003133,87604726049.17387
2024/2/13,DDD.SH,-0.013793935,2.72166224493285,92115770026.09457
2024/2/14,DDD.SH,-0.01134506,2.6961938000506387,92359333749.9682
2024/2/15,DDD.SH,-0.029245774,2.6873496935136925,90901994344.78523
2024/2/16,DDD.SH,-0.054935772,2.697771038026973,92845053213.0972
2024/2/19,DDD.SH,0.010343204079720572,2.709929710258317,92773933773.63905
2024/2/20,DDD.SH,-0.024949514,2.695121689749499,91784936318.99463
2024/2/21,DDD.SH,-0.013663623,2.657992456682029,89289821764.11449
2024/2/22,DDD.SH,0.026760057436795055,2.616531742889797,92017654630.00296
2024/2/23,DDD.SH,0.007236802783785979,2.692864373173019,97278264507.04616
2024/2/26,DDD.SH,0.03133717638997664,2.707358692281438,91062060668.52669
2024/2/27,DDD.SH,-0.00030775,2.7082581741989427,95070265857.17284
2024/2/28,DDD.SH,0.009150736633136805,2.755045478963072,92309385205.36159
2024/2/29,DDD.SH,-0.006002994,2.765425330430725,90014053340.53558
2024/3/1,DDD.SH,-0.017383903,2.7052145885733316,91436360126.50876
2024/3/4,DDD.SH,0.011415221908226827,2.707118085005371,92238225406.85728
2024/3/5,DDD.SH,-0.007539846,2.7421879965503715,94127136008.7251
2024/3/6,DDD.SH,0.014876624856781415,2.7364536200751957,98933505571.26335
2024/3/7,DDD.SH,-0.00860628,2.694617069599568,92519436967.55197
2024/3/8,DDD.SH,0.00012096696181102635,2.7513383396306916,88983854408.82379
2024/3/11,DDD.SH,0.002556839722319743,2.7127352267789466,87835665168.06651
2024/3/12,DDD.SH,0.02684367885745883,2.7154880789718727,91281154616.59183
2024/3/13,DDD.SH,-0.002332973,2.745137077954491,89348940594.98582
2024/3/14,DDD.SH,0.030750855910593615,2.7101336638211366,94054634248.85173
2024/3/15,DDD.SH,-0.010221798,2.7316837882182434,94103175413.41069
2024/3/18,DDD.SH,0.01414339453765314,2.7436078311932905,92156337795.34962
2024/3/19,DDD.SH,-0.004128248,2.771392001924995,94415375365.3394
2024/3/20,DDD.SH,0.03282240721517331,2.7697642827000593,92796975937.53328
2024/3/21,DDD.SH,-0.00497616,2.7475550920993275,97835342535.9626
2024/3/22,DDD.SH,-0.002042349,2.6056311907692042,94413127859.75046
2024/3/25,DDD.SH,-0.011933286,2.750124778854392,95190781676.61807
